date,zone,segment,unit,activeCount,newCount,delistedCount,flowMedianEurSqm,stockMedianEurSqm,p25EurSqm,p75EurSqm,medianPriceEur,medianSurfaceSqm,discountShare30d,medianDiscountPct,raiseShare30d,medianRaisePct,medianDaysOnMarket,absorptionRate,agencyShare,newBuildShare,sampleSize
2026-09-04,Girisu de Cris,apartament_vanzare,EUR/mp,7,7,0,1608,1608,,,82000,51,,,,,,,,,7
2026-09-04,Oradea,apartament_vanzare,EUR/mp,1951,2026,75,1888,1890,1614,2258,105000,55,0,,0,,0,3.8,55.3,99.2,1928
2026-09-04,Oradea/Cantemir,apartament_vanzare,EUR/mp,28,29,1,1930,1914,1635,2892,142000,68,0,,0,,,3.6,57.1,,29
2026-09-04,Oradea/Centru,apartament_vanzare,EUR/mp,54,54,0,2031,2031,1721,2375,133000,73,0,,0,,,0,0,,52
2026-09-04,Oradea/Decebal,apartament_vanzare,EUR/mp,103,103,0,1815,1815,1615,2048,99000,62,0,,0,,,0,66,,101
2026-09-04,Oradea/Iosia,apartament_vanzare,EUR/mp,236,238,2,2021,2021,1736,2528,115000,56,0,,0,,,0.8,44.5,100,227
2026-09-04,Oradea/Nufarul,apartament_vanzare,EUR/mp,142,143,1,1885,1883,1670,2311,115000,56,0,,0,,,0.7,49.3,100,137
2026-09-04,Oradea/Olosig,apartament_vanzare,EUR/mp,130,130,0,1910,1910,1614,2380,123800,64,0,,0,,,0,91.5,,130
2026-09-04,Oradea/Podgoria,apartament_vanzare,EUR/mp,6,6,0,1943,1943,,,110500,56,,,,,,,,,6
2026-09-04,Oradea/Rogerius,apartament_vanzare,EUR/mp,238,241,3,1745,1741,1531,1965,80945,50,0,,0,,0,1.3,40.3,,237
2026-09-04,Oradea/Salca,apartament_vanzare,EUR/mp,15,15,0,2040,2040,1691,2296,128500,66,0,,0,,,0,86.7,,15
2026-09-04,Oradea/Velenta,apartament_vanzare,EUR/mp,40,40,0,1802,1802,1576,1985,76900,41,0,,0,,,0,85,,40
2026-09-04,Sanmartin,apartament_vanzare,EUR/mp,141,149,8,1684,1693,1475,2047,88000,50,0,,0,,0,5.7,73.8,100,143
2026-09-04,Santandrei,apartament_vanzare,EUR/mp,62,62,0,1597,1597,1444,2019,102900,65,0,,0,,,0,58.1,100,53
2026-09-04,ZMO,apartament_vanzare,EUR/mp,2170,2253,83,1868,1875,1589,2222,102336,55,0,,0,,0,3.8,56.6,99.4,2138
2026-09-04,Oradea,apartament_chirie,EUR/mp,1552,1608,56,8,8,6,9,400,55,0,,0,,0,3.6,47.1,99.3,1485
2026-09-04,Oradea/Cantemir,apartament_chirie,EUR/mp,22,22,0,11,11,9,12,578,52,0,,0,,,0,72.7,,22
2026-09-04,Oradea/Centru,apartament_chirie,EUR/mp,30,30,0,8,8,7,8,420,60,0,,0,,,0,0,,27
2026-09-04,Oradea/Decebal,apartament_chirie,EUR/mp,44,45,1,6,6,6,7,385,63,0,,0,,,2.3,59.1,,43
2026-09-04,Oradea/Iosia,apartament_chirie,EUR/mp,292,294,2,8,8,6,9,400,55,0,,0,,,0.7,33.2,100,277
2026-09-04,Oradea/Nufarul,apartament_chirie,EUR/mp,55,55,0,7,7,6,9,450,64,0,,0,,,0,52.7,,54
2026-09-04,Oradea/Olosig,apartament_chirie,EUR/mp,91,91,0,7,7,6,9,460,64,0,,0,,,0,86.8,,89
2026-09-04,Oradea/Rogerius,apartament_chirie,EUR/mp,89,89,0,6,6,5,8,335,55,0,,0,,,0,28.1,,84
2026-09-04,Oradea/Salca,apartament_chirie,EUR/mp,11,11,0,8,8,6,9,400,52,0,,0,,,0,81.8,,11
2026-09-04,Oradea/Velenta,apartament_chirie,EUR/mp,11,11,0,8,8,8,9,574,56,0,,0,,,0,72.7,,11
2026-09-04,Osorhei,apartament_chirie,EUR/mp,8,8,0,10,10,9,11,569,54,,,,,,,,,8
2026-09-04,Sanmartin,apartament_chirie,EUR/mp,37,38,1,8,8,7,9,400,50,0,,0,,,2.7,54.1,,31
2026-09-04,Santandrei,apartament_chirie,EUR/mp,13,13,0,8,8,7,9,425,57,0,,0,,,0,69.2,,12
2026-09-04,ZMO,apartament_chirie,EUR/mp,1612,1669,57,8,8,6,9,400,55,0,,0,,0,3.5,47.6,99.3,1537
2026-09-04,Biharia,casa_vanzare,EUR/mp,19,19,0,963,963,816,1188,139500,118,0,,0,,,0,47.4,,12
2026-09-04,Bors,casa_vanzare,EUR/mp,17,17,0,661,661,517,890,88950,118,0,,0,,,0,64.7,,12
2026-09-04,Girisu de Cris,casa_vanzare,EUR/mp,8,8,0,859,859,,,114950,125,,,,,,,,,7
2026-09-04,Nojorid,casa_vanzare,EUR/mp,50,54,4,1190,1200,1063,1463,145000,115,0,,0,,0,8,64,,51
2026-09-04,Oradea,casa_vanzare,EUR/mp,1309,1405,96,1460,1493,1102,1946,229000,150,0,,0,,0,7.3,63.6,100,1315
2026-09-04,Oradea/Cantemir,casa_vanzare,EUR/mp,15,16,1,1342,1405,1136,1782,196200,120,0,,0,,,6.7,73.3,,16
2026-09-04,Oradea/Centru,casa_vanzare,EUR/mp,39,39,0,1450,1450,886,1941,188000,133,0,,0,,,0,0,,36
2026-09-04,Oradea/Decebal,casa_vanzare,EUR/mp,7,7,0,1281,1281,,,179950,82,,,,,,,,,7
2026-09-04,Oradea/Episcopia,casa_vanzare,EUR/mp,43,43,0,1123,1123,917,1500,200000,180,0,,0,,,0,65.1,,42
2026-09-04,Oradea/Grigorescu,casa_vanzare,EUR/mp,37,37,0,1762,1762,1360,2000,265000,155,0,,0,,,0,78.4,,37
2026-09-04,Oradea/Iosia,casa_vanzare,EUR/mp,82,82,0,1558,1558,1174,2021,220000,148,0,,0,,,0,40.2,,78
2026-09-04,Oradea/Nufarul,casa_vanzare,EUR/mp,23,24,1,1660,1624,1306,1813,287495,187,0,,0,,,4.3,52.2,,21
2026-09-04,Oradea/Olosig,casa_vanzare,EUR/mp,107,107,0,1516,1516,1167,1959,244000,153,0,,0,,,0,90.7,,107
2026-09-04,Oradea/Podgoria,casa_vanzare,EUR/mp,19,19,0,1700,1700,1225,1897,204000,120,0,,0,,,0,89.5,,19
2026-09-04,Oradea/Rogerius,casa_vanzare,EUR/mp,33,33,0,1683,1683,1058,2077,244450,162,0,,0,,,0,75.8,,33
2026-09-04,Oradea/Salca,casa_vanzare,EUR/mp,10,10,0,1568,1568,1249,1785,292150,150,0,,0,,,0,90,,9
2026-09-04,Oradea/Velenta,casa_vanzare,EUR/mp,18,18,0,1317,1317,1206,1750,204500,120,0,,0,,,0,83.3,,18
2026-09-04,Osorhei,casa_vanzare,EUR/mp,90,90,0,1184,1184,938,1443,140000,129,0,,0,,,0,73.3,,79
2026-09-04,Paleu,casa_vanzare,EUR/mp,59,59,0,1226,1226,969,1465,172400,140,0,,0,,,0,61,,46
2026-09-04,Salard,casa_vanzare,EUR/mp,13,13,0,805,805,738,895,72000,109,0,,0,,,0,69.2,,9
2026-09-04,Sanmartin,casa_vanzare,EUR/mp,237,243,6,1241,1245,976,1581,229900,166,0,,0,,0,2.5,77.2,,233
2026-09-04,Santandrei,casa_vanzare,EUR/mp,251,251,0,1408,1408,1140,1590,160000,120,0,,0,,,0,63.7,,214
2026-09-04,Tileagd,casa_vanzare,EUR/mp,12,12,0,506,506,,,89000,176,0,,0,,,0,58.3,,7
2026-09-04,ZMO,casa_vanzare,EUR/mp,2070,2176,106,1376,1398,1058,1792,199900,145,0,,0,,0,5.1,65.4,100,1983
2026-09-04,Biharia,teren_vanzare,EUR/mp,29,29,0,33,33,18,44,182400,5500,0,,0,,,0,58.6,,20
2026-09-04,Bors,teren_vanzare,EUR/mp,31,31,0,35,35,16,45,68900,3000,0,,0,,,0,64.5,,19
2026-09-04,Cetariu,teren_vanzare,EUR/mp,16,16,0,16,16,,,51000,2059,0,,0,,,0,68.8,,7
2026-09-04,Girisu de Cris,teren_vanzare,EUR/mp,12,12,0,19,19,,,35000,5622,0,,0,,,0,83.3,,7
2026-09-04,Nojorid,teren_vanzare,EUR/mp,68,73,5,30,30,17,73,106650,1700,0,,0,,0,7.4,70.6,,47
2026-09-04,Oradea,teren_vanzare,EUR/mp,1022,1144,122,66,70,39,122,115500,707,0,,0,,0,11.9,62.4,,708
2026-09-04,Oradea/Episcopia,teren_vanzare,EUR/mp,40,40,0,59,59,30,100,88000,2490,0,,0,,,0,75,,34
2026-09-04,Oradea/Grigorescu,teren_vanzare,EUR/mp,39,39,0,109,109,74,145,67450,516,0,,0,,,0,74.4,,36
2026-09-04,Oradea/Iosia,teren_vanzare,EUR/mp,65,67,2,70,70,35,196,119000,1434,0,,0,,,3.1,21.5,,52
2026-09-04,Oradea/Nufarul,teren_vanzare,EUR/mp,10,10,0,116,116,100,119,178150,1969,0,,0,,,0,80,,8
2026-09-04,Oradea/Olosig,teren_vanzare,EUR/mp,58,58,0,66,66,20,90,182475,3000,0,,0,,,0,87.9,,46
2026-09-04,Oradea/Podgoria,teren_vanzare,EUR/mp,46,46,0,39,39,24,66,99000,1951,0,,0,,,0,71.7,,41
2026-09-04,Oradea/Rogerius,teren_vanzare,EUR/mp,5,5,0,,,,,105600,1100,,,,,,,,,3
2026-09-04,Oradea/Salca,teren_vanzare,EUR/mp,8,8,0,99,99,,,128500,1150,,,,,,,,,5
2026-09-04,Oradea/Saldabagiu,teren_vanzare,EUR/mp,1,5,4,50,,,,,500,,,,,0,,,,5
2026-09-04,Osorhei,teren_vanzare,EUR/mp,131,131,0,38,38,26,53,61500,691,0,,0,,,0,67.2,,83
2026-09-04,Paleu,teren_vanzare,EUR/mp,137,137,0,45,45,34,60,43000,897,0,,0,,,0,65.7,,105
2026-09-04,Salard,teren_vanzare,EUR/mp,7,7,0,25,25,,,32445,3000,,,,,,,,,5
2026-09-04,Sanmartin,teren_vanzare,EUR/mp,240,246,6,75,75,50,96,69900,748,0,,0,,0,2.5,75,,208
2026-09-04,Santandrei,teren_vanzare,EUR/mp,141,141,0,80,80,54,115,78000,578,0,,0,,,0,66,,91
2026-09-04,Tileagd,teren_vanzare,EUR/mp,19,19,0,13,13,,,24999,918,0,,0,,,0,47.4,,7
2026-09-04,ZMO,teren_vanzare,EUR/mp,1856,1989,133,60,60,35,98,84950,785,0,,0,,0,7.2,65.1,,1299
2026-09-04,Oradea,casa_chirie,EUR/mp,183,183,0,7,7,6,9,975,130,0,,0,,,0,61.7,,146
2026-09-04,Oradea/Iosia,casa_chirie,EUR/mp,23,23,0,7,7,6,8,800,100,0,,0,,,0,34.8,,19
2026-09-04,Oradea/Olosig,casa_chirie,EUR/mp,7,7,0,9,9,,,2000,210,,,,,,,,,7
2026-09-04,Sanmartin,casa_chirie,EUR/mp,21,21,0,6,6,5,7,1350,300,0,,0,,,0,66.7,,14
2026-09-04,Santandrei,casa_chirie,EUR/mp,16,16,0,6,6,6,7,950,150,0,,0,,,0,75,,13
2026-09-04,ZMO,casa_chirie,EUR/mp,224,224,0,7,7,6,9,1000,144,0,,0,,,0,62.5,,179
2026-09-05,Girisu de Cris,apartament_vanzare,EUR/mp,7,0,0,1608,1608,,,82000,51,,,,,,,,,7
2026-09-05,Oradea,apartament_vanzare,EUR/mp,1951,0,0,1888,1890,1614,2258,105000,55,0,,0,,0,3.8,55.3,99.2,1928
2026-09-05,Oradea/Cantemir,apartament_vanzare,EUR/mp,28,0,0,1930,1914,1635,2892,142000,68,0,,0,,,3.6,57.1,,29
2026-09-05,Oradea/Centru,apartament_vanzare,EUR/mp,54,0,0,2031,2031,1721,2375,133000,73,0,,0,,,0,0,,52
2026-09-05,Oradea/Decebal,apartament_vanzare,EUR/mp,103,0,0,1815,1815,1615,2048,99000,62,0,,0,,,0,66,,101
2026-09-05,Oradea/Iosia,apartament_vanzare,EUR/mp,236,0,0,2021,2021,1736,2528,115000,56,0,,0,,,0.8,44.5,100,227
2026-09-05,Oradea/Nufarul,apartament_vanzare,EUR/mp,142,0,0,1885,1883,1670,2311,115000,56,0,,0,,,0.7,49.3,100,137
2026-09-05,Oradea/Olosig,apartament_vanzare,EUR/mp,130,0,0,1910,1910,1614,2380,123800,64,0,,0,,,0,91.5,,130
2026-09-05,Oradea/Podgoria,apartament_vanzare,EUR/mp,6,0,0,1943,1943,,,110500,56,,,,,,,,,6
2026-09-05,Oradea/Rogerius,apartament_vanzare,EUR/mp,238,0,0,1745,1741,1531,1965,80945,50,0,,0,,0,1.3,40.3,,237
2026-09-05,Oradea/Salca,apartament_vanzare,EUR/mp,15,0,0,2040,2040,1691,2296,128500,66,0,,0,,,0,86.7,,15
2026-09-05,Oradea/Velenta,apartament_vanzare,EUR/mp,40,0,0,1802,1802,1576,1985,76900,41,0,,0,,,0,85,,40
2026-09-05,Sanmartin,apartament_vanzare,EUR/mp,141,0,0,1684,1693,1475,2047,88000,50,0,,0,,0,5.7,73.8,100,143
2026-09-05,Santandrei,apartament_vanzare,EUR/mp,62,0,0,1597,1597,1444,2019,102900,65,0,,0,,,0,58.1,100,53
2026-09-05,ZMO,apartament_vanzare,EUR/mp,2170,0,0,1868,1875,1589,2222,102336,55,0,,0,,0,3.8,56.6,99.4,2138
2026-09-05,Oradea,apartament_chirie,EUR/mp,1552,0,0,8,8,6,9,400,55,0,,0,,0,3.6,47.1,99.3,1485
2026-09-05,Oradea/Cantemir,apartament_chirie,EUR/mp,22,0,0,11,11,9,12,578,52,0,,0,,,0,72.7,,22
2026-09-05,Oradea/Centru,apartament_chirie,EUR/mp,30,0,0,8,8,7,8,420,60,0,,0,,,0,0,,27
2026-09-05,Oradea/Decebal,apartament_chirie,EUR/mp,44,0,0,6,6,6,7,385,63,0,,0,,,2.3,59.1,,43
2026-09-05,Oradea/Iosia,apartament_chirie,EUR/mp,292,0,0,8,8,6,9,400,55,0,,0,,,0.7,33.2,100,277
2026-09-05,Oradea/Nufarul,apartament_chirie,EUR/mp,55,0,0,7,7,6,9,450,64,0,,0,,,0,52.7,,54
2026-09-05,Oradea/Olosig,apartament_chirie,EUR/mp,91,0,0,7,7,6,9,460,64,0,,0,,,0,86.8,,89
2026-09-05,Oradea/Rogerius,apartament_chirie,EUR/mp,89,0,0,6,6,5,8,335,55,0,,0,,,0,28.1,,84
2026-09-05,Oradea/Salca,apartament_chirie,EUR/mp,11,0,0,8,8,6,9,400,52,0,,0,,,0,81.8,,11
2026-09-05,Oradea/Velenta,apartament_chirie,EUR/mp,11,0,0,8,8,8,9,574,56,0,,0,,,0,72.7,,11
2026-09-05,Osorhei,apartament_chirie,EUR/mp,8,0,0,10,10,9,11,569,54,,,,,,,,,8
2026-09-05,Sanmartin,apartament_chirie,EUR/mp,37,0,0,8,8,7,9,400,50,0,,0,,,2.7,54.1,,31
2026-09-05,Santandrei,apartament_chirie,EUR/mp,13,0,0,8,8,7,9,425,57,0,,0,,,0,69.2,,12
2026-09-05,ZMO,apartament_chirie,EUR/mp,1612,0,0,8,8,6,9,400,55,0,,0,,0,3.5,47.6,99.3,1537
2026-09-05,Biharia,casa_vanzare,EUR/mp,19,0,0,963,963,816,1188,139500,118,0,,0,,,0,47.4,,12
2026-09-05,Bors,casa_vanzare,EUR/mp,17,0,0,661,661,517,890,88950,118,0,,0,,,0,64.7,,12
2026-09-05,Girisu de Cris,casa_vanzare,EUR/mp,8,0,0,859,859,,,114950,125,,,,,,,,,7
2026-09-05,Nojorid,casa_vanzare,EUR/mp,50,0,0,1190,1200,1063,1463,145000,115,0,,0,,0,8,64,,51
2026-09-05,Oradea,casa_vanzare,EUR/mp,1309,0,0,1460,1493,1102,1946,229000,150,0,,0,,0,7.3,63.6,100,1315
2026-09-05,Oradea/Cantemir,casa_vanzare,EUR/mp,15,0,0,1342,1405,1136,1782,196200,120,0,,0,,,6.7,73.3,,16
2026-09-05,Oradea/Centru,casa_vanzare,EUR/mp,39,0,0,1450,1450,886,1941,188000,133,0,,0,,,0,0,,36
2026-09-05,Oradea/Decebal,casa_vanzare,EUR/mp,7,0,0,1281,1281,,,179950,82,,,,,,,,,7
2026-09-05,Oradea/Episcopia,casa_vanzare,EUR/mp,43,0,0,1123,1123,917,1500,200000,180,0,,0,,,0,65.1,,42
2026-09-05,Oradea/Grigorescu,casa_vanzare,EUR/mp,37,0,0,1762,1762,1360,2000,265000,155,0,,0,,,0,78.4,,37
2026-09-05,Oradea/Iosia,casa_vanzare,EUR/mp,82,0,0,1558,1558,1174,2021,220000,148,0,,0,,,0,40.2,,78
2026-09-05,Oradea/Nufarul,casa_vanzare,EUR/mp,23,0,0,1660,1624,1306,1813,287495,187,0,,0,,,4.3,52.2,,21
2026-09-05,Oradea/Olosig,casa_vanzare,EUR/mp,107,0,0,1516,1516,1167,1959,244000,153,0,,0,,,0,90.7,,107
2026-09-05,Oradea/Podgoria,casa_vanzare,EUR/mp,19,0,0,1700,1700,1225,1897,204000,120,0,,0,,,0,89.5,,19
2026-09-05,Oradea/Rogerius,casa_vanzare,EUR/mp,33,0,0,1683,1683,1058,2077,244450,162,0,,0,,,0,75.8,,33
2026-09-05,Oradea/Salca,casa_vanzare,EUR/mp,10,0,0,1568,1568,1249,1785,292150,150,0,,0,,,0,90,,9
2026-09-05,Oradea/Velenta,casa_vanzare,EUR/mp,18,0,0,1317,1317,1206,1750,204500,120,0,,0,,,0,83.3,,18
2026-09-05,Osorhei,casa_vanzare,EUR/mp,90,0,0,1184,1184,938,1443,140000,129,0,,0,,,0,73.3,,79
2026-09-05,Paleu,casa_vanzare,EUR/mp,59,0,0,1226,1226,969,1465,172400,140,0,,0,,,0,61,,46
2026-09-05,Salard,casa_vanzare,EUR/mp,13,0,0,805,805,738,895,72000,109,0,,0,,,0,69.2,,9
2026-09-05,Sanmartin,casa_vanzare,EUR/mp,237,0,0,1241,1245,976,1581,229900,166,0,,0,,0,2.5,77.2,,233
2026-09-05,Santandrei,casa_vanzare,EUR/mp,251,0,0,1408,1408,1140,1590,160000,120,0,,0,,,0,63.7,,214
2026-09-05,Tileagd,casa_vanzare,EUR/mp,12,0,0,506,506,,,89000,176,0,,0,,,0,58.3,,7
2026-09-05,ZMO,casa_vanzare,EUR/mp,2070,0,0,1376,1398,1058,1792,199900,145,0,,0,,0,5.1,65.4,100,1983
2026-09-05,Biharia,teren_vanzare,EUR/mp,29,0,0,33,33,18,44,182400,5500,0,,0,,,0,58.6,,20
2026-09-05,Bors,teren_vanzare,EUR/mp,31,0,0,35,35,16,45,68900,3000,0,,0,,,0,64.5,,19
2026-09-05,Cetariu,teren_vanzare,EUR/mp,16,0,0,16,16,,,51000,2059,0,,0,,,0,68.8,,7
2026-09-05,Girisu de Cris,teren_vanzare,EUR/mp,12,0,0,19,19,,,35000,5622,0,,0,,,0,83.3,,7
2026-09-05,Nojorid,teren_vanzare,EUR/mp,68,0,0,30,30,17,73,106650,1700,0,,0,,0,7.4,70.6,,47
2026-09-05,Oradea,teren_vanzare,EUR/mp,1022,0,0,66,70,39,122,115500,707,0,,0,,0,11.9,62.4,,708
2026-09-05,Oradea/Episcopia,teren_vanzare,EUR/mp,40,0,0,59,59,30,100,88000,2490,0,,0,,,0,75,,34
2026-09-05,Oradea/Grigorescu,teren_vanzare,EUR/mp,39,0,0,109,109,74,145,67450,516,0,,0,,,0,74.4,,36
2026-09-05,Oradea/Iosia,teren_vanzare,EUR/mp,65,0,0,70,70,35,196,119000,1434,0,,0,,,3.1,21.5,,52
2026-09-05,Oradea/Nufarul,teren_vanzare,EUR/mp,10,0,0,116,116,100,119,178150,1969,0,,0,,,0,80,,8
2026-09-05,Oradea/Olosig,teren_vanzare,EUR/mp,58,0,0,66,66,20,90,182475,3000,0,,0,,,0,87.9,,46
2026-09-05,Oradea/Podgoria,teren_vanzare,EUR/mp,46,0,0,39,39,24,66,99000,1951,0,,0,,,0,71.7,,41
2026-09-05,Oradea/Rogerius,teren_vanzare,EUR/mp,5,0,0,,,,,105600,1100,,,,,,,,,3
2026-09-05,Oradea/Salca,teren_vanzare,EUR/mp,8,0,0,99,99,,,128500,1150,,,,,,,,,5
2026-09-05,Oradea/Saldabagiu,teren_vanzare,EUR/mp,1,0,0,50,,,,,500,,,,,0,,,,5
2026-09-05,Osorhei,teren_vanzare,EUR/mp,131,0,0,38,38,26,53,61500,691,0,,0,,,0,67.2,,83
2026-09-05,Paleu,teren_vanzare,EUR/mp,137,0,0,45,45,34,60,43000,897,0,,0,,,0,65.7,,105
2026-09-05,Salard,teren_vanzare,EUR/mp,7,0,0,25,25,,,32445,3000,,,,,,,,,5
2026-09-05,Sanmartin,teren_vanzare,EUR/mp,240,0,0,75,75,50,96,69900,748,0,,0,,0,2.5,75,,208
2026-09-05,Santandrei,teren_vanzare,EUR/mp,141,0,0,80,80,54,115,78000,578,0,,0,,,0,66,,91
2026-09-05,Tileagd,teren_vanzare,EUR/mp,19,0,0,13,13,,,24999,918,0,,0,,,0,47.4,,7
2026-09-05,ZMO,teren_vanzare,EUR/mp,1856,0,0,60,60,35,98,84950,785,0,,0,,0,7.2,65.1,,1299
2026-09-05,Oradea,casa_chirie,EUR/mp,183,0,0,7,7,6,9,975,130,0,,0,,,0,61.7,,146
2026-09-05,Oradea/Iosia,casa_chirie,EUR/mp,23,0,0,7,7,6,8,800,100,0,,0,,,0,34.8,,19
2026-09-05,Oradea/Olosig,casa_chirie,EUR/mp,7,0,0,9,9,,,2000,210,,,,,,,,,7
2026-09-05,Sanmartin,casa_chirie,EUR/mp,21,0,0,6,6,5,7,1350,300,0,,0,,,0,66.7,,14
2026-09-05,Santandrei,casa_chirie,EUR/mp,16,0,0,6,6,6,7,950,150,0,,0,,,0,75,,13
2026-09-05,ZMO,casa_chirie,EUR/mp,224,0,0,7,7,6,9,1000,144,0,,0,,,0,62.5,,179
2026-09-06,Cihei,apartament_vanzare,EUR/mp,16,16,0,1852,1852,1689,1942,117761,63,0,,0,,,0,62.5,,16
2026-09-06,Girisu de Cris,apartament_vanzare,EUR/mp,7,0,0,1608,1608,,,82000,51,,,,,,,,,7
2026-09-06,Oradea,apartament_vanzare,EUR/mp,1993,71,29,1886,1890,1610,2247,105000,55,1.5,2.1,0.7,3.5,0,5.2,55.6,99.3,1996
2026-09-06,Oradea/Cantemir,apartament_vanzare,EUR/mp,28,0,0,1930,1914,1635,2892,142000,68,0,,0,,,3.6,57.1,,29
2026-09-06,Oradea/Centru,apartament_vanzare,EUR/mp,55,1,0,2022,2022,1721,2375,133850,73,0,,0,,,0,0,,53
2026-09-06,Oradea/Decebal,apartament_vanzare,EUR/mp,102,0,1,1815,1815,1594,2030,99400,62,2,,2,,,1,65.7,,101
2026-09-06,Oradea/Iosia,apartament_vanzare,EUR/mp,242,6,0,2008,2008,1726,2515,115000,55,1.7,2.8,0.8,,,0.8,43.4,100,233
2026-09-06,Oradea/Nufarul,apartament_vanzare,EUR/mp,143,1,0,1886,1885,1689,2311,115000,56,3.5,1.5,0,,,0.7,49.7,100,138
2026-09-06,Oradea/Olosig,apartament_vanzare,EUR/mp,135,6,1,1910,1922,1614,2383,124150,64,0.7,,0.7,,,0.7,91.9,,136
2026-09-06,Oradea/Podgoria,apartament_vanzare,EUR/mp,6,0,0,1943,1943,,,110500,56,,,,,,,,,6
2026-09-06,Oradea/Rogerius,apartament_vanzare,EUR/mp,239,1,0,1745,1745,1531,1971,79990,50,0.8,,0.8,,0,1.3,40.2,,238
2026-09-06,Oradea/Salca,apartament_vanzare,EUR/mp,15,0,0,2040,2040,1691,2296,128500,66,13.3,,0,,,0,86.7,,15
2026-09-06,Oradea/Velenta,apartament_vanzare,EUR/mp,41,1,0,1767,1767,1576,1946,77950,42,0,,0,,,0,85.4,,39
2026-09-06,Sanmartin,apartament_vanzare,EUR/mp,140,0,1,1684,1691,1475,2047,88000,50,0,,0,,0,6.4,73.6,100,143
2026-09-06,Santandrei,apartament_vanzare,EUR/mp,62,0,0,1597,1597,1444,2019,102900,65,0,,0,,,0,58.1,100,53
2026-09-06,ZMO,apartament_vanzare,EUR/mp,2227,87,30,1868,1875,1587,2214,102800,55,1.3,2.1,0.6,3.5,0,5.1,56.9,99.4,2222
2026-09-06,Cihei,apartament_chirie,EUR/mp,5,5,0,7,7,,,450,65,,,,,,,,,5
2026-09-06,Oradea,apartament_chirie,EUR/mp,1586,66,32,8,8,6,9,400,55,1.8,5,0.5,1.8,0,5.5,46.6,99.3,1542
2026-09-06,Oradea/Cantemir,apartament_chirie,EUR/mp,23,1,0,11,11,7,12,559,52,4.3,,4.3,,,0,69.6,,23
2026-09-06,Oradea/Centru,apartament_chirie,EUR/mp,30,0,0,8,8,7,8,420,60,0,,0,,,0,0,,27
2026-09-06,Oradea/Decebal,apartament_chirie,EUR/mp,44,0,0,6,6,5,7,385,63,2.3,,0,,,2.3,59.1,,43
2026-09-06,Oradea/Iosia,apartament_chirie,EUR/mp,292,2,2,8,8,6,9,400,55,0,,0,,1,1.4,32.9,100,279
2026-09-06,Oradea/Nufarul,apartament_chirie,EUR/mp,57,2,0,7,7,6,8,450,62,1.8,,0,,,0,52.6,,54
2026-09-06,Oradea/Olosig,apartament_chirie,EUR/mp,95,5,1,7,7,6,9,455,64,4.2,9.2,0,,,1.1,85.3,,94
2026-09-06,Oradea/Rogerius,apartament_chirie,EUR/mp,91,2,0,6,6,5,7,330,54,4.4,6.8,0,,,0,27.5,,86
2026-09-06,Oradea/Salca,apartament_chirie,EUR/mp,11,1,1,8,8,6,9,400,52,0,,0,,,9.1,81.8,,11
2026-09-06,Oradea/Velenta,apartament_chirie,EUR/mp,11,0,0,8,8,8,9,574,56,9.1,,0,,,0,72.7,,11
2026-09-06,Osorhei,apartament_chirie,EUR/mp,8,0,0,10,10,9,11,569,54,,,,,,,,,8
2026-09-06,Sanmartin,apartament_chirie,EUR/mp,36,1,2,8,8,7,9,400,50,2.8,,2.8,,2,8.3,52.8,,32
2026-09-06,Santandrei,apartament_chirie,EUR/mp,13,0,0,8,8,7,9,425,57,0,,0,,,0,69.2,,12
2026-09-06,ZMO,apartament_chirie,EUR/mp,1650,72,34,8,8,6,9,400,55,1.8,5.6,0.5,1.3,0,5.5,47.1,99.3,1600
2026-09-06,Biharia,casa_vanzare,EUR/mp,19,0,0,963,963,816,1188,139500,118,0,,0,,,0,47.4,,12
2026-09-06,Bors,casa_vanzare,EUR/mp,17,0,0,661,661,517,890,88950,118,0,,0,,,0,64.7,,12
2026-09-06,Cihei,casa_vanzare,EUR/mp,38,38,0,1288,1288,1096,1540,207500,157,0,,0,,,0,55.3,,38
2026-09-06,Girisu de Cris,casa_vanzare,EUR/mp,8,0,0,859,859,,,114950,125,,,,,,,,,7
2026-09-06,Nojorid,casa_vanzare,EUR/mp,53,3,0,1180,1184,920,1417,142450,116,0,,0,,0,7.5,66,,54
2026-09-06,Oradea,casa_vanzare,EUR/mp,1316,23,16,1454,1490,1101,1944,225000,150,0.2,7.7,0.1,,0,8.5,63.7,100,1336
2026-09-06,Oradea/Cantemir,casa_vanzare,EUR/mp,15,0,0,1342,1405,1136,1782,196200,120,0,,0,,,6.7,73.3,,16
2026-09-06,Oradea/Centru,casa_vanzare,EUR/mp,39,0,0,1450,1450,886,1941,188000,133,0,,0,,,0,0,,36
2026-09-06,Oradea/Decebal,casa_vanzare,EUR/mp,7,0,0,1281,1281,,,179950,82,,,,,,,,,7
2026-09-06,Oradea/Episcopia,casa_vanzare,EUR/mp,43,0,0,1123,1123,917,1500,200000,180,0,,0,,,0,65.1,,42
2026-09-06,Oradea/Grigorescu,casa_vanzare,EUR/mp,37,0,0,1762,1762,1360,2000,265000,155,0,,0,,,0,78.4,,37
2026-09-06,Oradea/Iosia,casa_vanzare,EUR/mp,81,2,3,1558,1561,1210,2029,219500,144,0,,0,,2,3.7,39.5,,80
2026-09-06,Oradea/Nufarul,casa_vanzare,EUR/mp,23,0,0,1660,1624,1306,1813,287495,187,0,,0,,,4.3,52.2,,21
2026-09-06,Oradea/Olosig,casa_vanzare,EUR/mp,109,2,0,1516,1516,1167,1959,244000,153,0,,0,,,0,89.9,,109
2026-09-06,Oradea/Podgoria,casa_vanzare,EUR/mp,19,0,0,1700,1700,1225,1897,204000,120,0,,0,,,0,89.5,,19
2026-09-06,Oradea/Rogerius,casa_vanzare,EUR/mp,33,0,0,1683,1683,1058,2077,244450,162,0,,0,,,0,75.8,,33
2026-09-06,Oradea/Salca,casa_vanzare,EUR/mp,10,0,0,1568,1568,1249,1785,292150,150,0,,0,,,0,90,,9
2026-09-06,Oradea/Velenta,casa_vanzare,EUR/mp,18,0,0,1317,1317,1206,1750,204500,120,0,,0,,,0,83.3,,18
2026-09-06,Osorhei,casa_vanzare,EUR/mp,90,0,0,1184,1184,938,1443,140000,129,0,,0,,,0,73.3,,79
2026-09-06,Paleu,casa_vanzare,EUR/mp,59,0,0,1226,1226,969,1465,172400,140,0,,0,,,0,61,,46
2026-09-06,Salard,casa_vanzare,EUR/mp,13,0,0,805,805,738,895,72000,109,0,,0,,,0,69.2,,9
2026-09-06,Sanmartin,casa_vanzare,EUR/mp,239,2,0,1244,1247,991,1582,238800,166,1.3,2.4,0.8,,0,2.5,76.6,,235
2026-09-06,Santandrei,casa_vanzare,EUR/mp,251,0,0,1416,1416,1140,1590,160000,120,0.4,,0.8,,,0,63.7,,214
2026-09-06,Tileagd,casa_vanzare,EUR/mp,12,0,0,506,506,,,89000,176,0,,0,,,0,58.3,,7
2026-09-06,ZMO,casa_vanzare,EUR/mp,2120,66,16,1370,1390,1058,1782,199800,145,0.3,2.4,0.2,2.3,0,5.8,65.2,100,2047
2026-09-06,Biharia,teren_vanzare,EUR/mp,29,0,0,33,33,18,44,182400,5500,0,,0,,,0,58.6,,20
2026-09-06,Bors,teren_vanzare,EUR/mp,31,0,0,35,35,16,45,68900,3000,0,,0,,,0,64.5,,19
2026-09-06,Cetariu,teren_vanzare,EUR/mp,16,0,0,16,16,,,51000,2059,0,,0,,,0,68.8,,7
2026-09-06,Cihei,teren_vanzare,EUR/mp,56,56,0,85,85,58,106,50000,519,0,,0,,,0,44.6,,37
2026-09-06,Girisu de Cris,teren_vanzare,EUR/mp,12,0,0,19,19,,,35000,5622,0,,0,,,0,83.3,,7
2026-09-06,Nojorid,teren_vanzare,EUR/mp,77,10,1,33,32,19,61,97300,1532,0,,0,,0,7.8,72.7,,55
2026-09-06,Oradea,teren_vanzare,EUR/mp,1030,12,4,66,70,39,120,115500,719,0.7,0.1,0.4,1.8,0,12.2,62.6,,719
2026-09-06,Oradea/Episcopia,teren_vanzare,EUR/mp,40,0,0,59,59,30,100,88000,2490,0,,0,,,0,75,,34
2026-09-06,Oradea/Grigorescu,teren_vanzare,EUR/mp,39,0,0,109,109,74,145,67450,516,0,,0,,,0,74.4,,36
2026-09-06,Oradea/Iosia,teren_vanzare,EUR/mp,64,0,1,70,70,35,220,119500,1392,0,,0,,0,4.7,21.9,,52
2026-09-06,Oradea/Nufarul,teren_vanzare,EUR/mp,10,0,0,116,116,100,119,178150,1969,0,,0,,,0,80,,8
2026-09-06,Oradea/Olosig,teren_vanzare,EUR/mp,60,2,0,60,60,20,90,182475,3185,0,,3.3,,,0,88.3,,48
2026-09-06,Oradea/Podgoria,teren_vanzare,EUR/mp,47,1,0,41,41,24,66,99000,1824,0,,0,,,0,72.3,,42
2026-09-06,Oradea/Rogerius,teren_vanzare,EUR/mp,5,0,0,,,,,105600,1100,,,,,,,,,3
2026-09-06,Oradea/Salca,teren_vanzare,EUR/mp,8,0,0,99,99,,,128500,1150,,,,,,,,,5
2026-09-06,Oradea/Saldabagiu,teren_vanzare,EUR/mp,1,0,0,50,,,,,500,,,,,0,,,,5
2026-09-06,Osorhei,teren_vanzare,EUR/mp,131,0,0,38,38,26,53,61500,691,0,,0,,,0,67.2,,83
2026-09-06,Paleu,teren_vanzare,EUR/mp,137,0,0,45,45,34,60,43000,897,0,,0,,,0,65.7,,105
2026-09-06,Salard,teren_vanzare,EUR/mp,7,0,0,25,25,,,32445,3000,,,,,,,,,5
2026-09-06,Sanmartin,teren_vanzare,EUR/mp,241,1,0,75,75,50,97,69650,745,2.1,2,1.2,3.1,0,2.5,75.1,,209
2026-09-06,Santandrei,teren_vanzare,EUR/mp,141,0,0,80,80,54,115,78000,578,0,,0,,,0,66,,91
2026-09-06,Tileagd,teren_vanzare,EUR/mp,19,0,0,13,13,,,24999,918,0,,0,,,0,47.4,,7
2026-09-06,ZMO,teren_vanzare,EUR/mp,1930,79,5,60,61,35,98,84800,755,0.6,1.1,0.4,3.1,0,7.2,64.8,,1357
2026-09-06,Oradea,casa_chirie,EUR/mp,183,0,0,7,7,6,9,975,130,0,,0,,,0,61.7,,146
2026-09-06,Oradea/Iosia,casa_chirie,EUR/mp,23,0,0,7,7,6,8,800,100,0,,0,,,0,34.8,,19
2026-09-06,Oradea/Olosig,casa_chirie,EUR/mp,7,0,0,9,9,,,2000,210,,,,,,,,,7
2026-09-06,Sanmartin,casa_chirie,EUR/mp,21,0,0,6,6,5,7,1350,300,0,,0,,,0,66.7,,14
2026-09-06,Santandrei,casa_chirie,EUR/mp,16,0,0,6,6,6,7,950,150,0,,0,,,0,75,,13
2026-09-06,ZMO,casa_chirie,EUR/mp,224,0,0,7,7,6,9,1000,144,0,,0,,,0,62.5,,179
2026-09-06,wl:audi-q7-4m,auto,EUR,62,63,1,34900,35700,21900,52990,35700,,0,,0,,,1.6,46.8,,61
2026-09-07,Cihei,apartament_vanzare,EUR/mp,16,0,0,1852,1852,1689,1942,117761,63,0,,0,,,0,62.5,,16
2026-09-07,Girisu de Cris,apartament_vanzare,EUR/mp,7,0,0,1608,1608,,,82000,51,,,,,,,,,7
2026-09-07,Oradea,apartament_vanzare,EUR/mp,1986,32,39,1885,1889,1609,2242,105000,55,1.9,2,1.1,2.8,0,7.2,55.7,99.2,2026
2026-09-07,Oradea/Cantemir,apartament_vanzare,EUR/mp,28,0,0,1930,1914,1635,2892,142000,68,0,,0,,,3.6,57.1,,29
2026-09-07,Oradea/Centru,apartament_vanzare,EUR/mp,56,1,0,2016,2016,1613,2333,133000,73,0,,0,,,0,0,,54
2026-09-07,Oradea/Decebal,apartament_vanzare,EUR/mp,103,1,0,1818,1815,1615,2030,99400,62,2.9,3.3,2.9,0.1,,1,65,,102
2026-09-07,Oradea/Iosia,apartament_vanzare,EUR/mp,241,1,2,2014,2008,1726,2515,115000,55,2.1,1.7,0.8,,2,1.7,43.6,100,234
2026-09-07,Oradea/Nufarul,apartament_vanzare,EUR/mp,142,0,1,1886,1886,1670,2311,115000,56,4.9,1.5,2.1,2.6,,1.4,50,100,138
2026-09-07,Oradea/Olosig,apartament_vanzare,EUR/mp,136,1,0,1899,1910,1614,2383,123800,64,0.7,,0.7,,,0.7,91.9,,137
2026-09-07,Oradea/Podgoria,apartament_vanzare,EUR/mp,6,0,0,1943,1943,,,110500,56,,,,,,,,,6
2026-09-07,Oradea/Rogerius,apartament_vanzare,EUR/mp,239,0,0,1745,1745,1531,1971,79990,50,1.3,1.1,1.7,3.2,0,1.3,40.2,,238
2026-09-07,Oradea/Salca,apartament_vanzare,EUR/mp,15,0,0,2040,2040,1691,2296,128500,66,13.3,,0,,,0,86.7,,15
2026-09-07,Oradea/Velenta,apartament_vanzare,EUR/mp,41,0,0,1767,1767,1576,1946,77950,42,0,,0,,,0,85.4,,39
2026-09-07,Sanmartin,apartament_vanzare,EUR/mp,139,0,1,1684,1693,1475,2047,88000,50,1.4,,0,,0,7.2,73.4,100,143
2026-09-07,Santandrei,apartament_vanzare,EUR/mp,62,0,0,1597,1597,1444,2019,102900,65,1.6,,0,,,0,58.1,100,53
2026-09-07,ZMO,apartament_vanzare,EUR/mp,2219,32,40,1868,1873,1585,2204,103000,56,1.8,1.9,1,2.8,0,6.9,57,99.4,2252
2026-09-07,Cihei,apartament_chirie,EUR/mp,5,0,0,7,7,,,450,65,,,,,,,,,5
2026-09-07,Oradea,apartament_chirie,EUR/mp,1576,34,44,8,8,6,9,400,55,2.4,5.9,0.6,2.3,2,8.4,46,99.3,1573
2026-09-07,Oradea/Cantemir,apartament_chirie,EUR/mp,23,0,0,11,11,7,12,559,52,4.3,,0,,,0,69.6,,23
2026-09-07,Oradea/Centru,apartament_chirie,EUR/mp,30,0,0,8,8,7,8,420,60,0,,0,,,0,0,,27
2026-09-07,Oradea/Decebal,apartament_chirie,EUR/mp,44,0,0,6,6,5,7,385,63,4.5,,0,,,2.3,59.1,,43
2026-09-07,Oradea/Iosia,apartament_chirie,EUR/mp,294,5,3,8,8,6,9,390,55,0.3,,0,,2,2.4,32.7,100,284
2026-09-07,Oradea/Nufarul,apartament_chirie,EUR/mp,61,4,0,7,7,6,9,450,61,1.6,,0,,,0,49.2,,58
2026-09-07,Oradea/Olosig,apartament_chirie,EUR/mp,94,0,1,7,7,5,9,460,64,4.3,9.2,1.1,,,2.1,85.1,,94
2026-09-07,Oradea/Rogerius,apartament_chirie,EUR/mp,91,0,0,6,6,5,7,330,54,4.4,6.8,0,,,0,27.5,,86
2026-09-07,Oradea/Salca,apartament_chirie,EUR/mp,11,0,0,8,8,6,9,400,52,0,,0,,,9.1,81.8,,11
2026-09-07,Oradea/Velenta,apartament_chirie,EUR/mp,12,1,0,8,8,8,10,570,56,8.3,,0,,,0,66.7,,12
2026-09-07,Osorhei,apartament_chirie,EUR/mp,8,0,0,10,10,9,11,569,54,,,,,,,,,8
2026-09-07,Sanmartin,apartament_chirie,EUR/mp,34,0,2,8,8,7,9,400,50,2.9,,2.9,,2,14.7,52.9,,32
2026-09-07,Santandrei,apartament_chirie,EUR/mp,13,0,0,8,8,7,9,425,57,0,,0,,,0,69.2,,12
2026-09-07,ZMO,apartament_chirie,EUR/mp,1638,34,46,8,8,6,9,400,55,2.4,6,0.6,1.8,2,8.4,46.5,99.3,1631
2026-09-07,Biharia,casa_vanzare,EUR/mp,19,0,0,963,963,816,1188,139500,118,0,,0,,,0,47.4,,12
2026-09-07,Bors,casa_vanzare,EUR/mp,17,0,0,661,661,517,890,88950,118,0,,0,,,0,64.7,,12
2026-09-07,Cihei,casa_vanzare,EUR/mp,37,0,1,1288,1290,1096,1582,205000,156,0,,0,,,2.7,56.8,,38
2026-09-07,Girisu de Cris,casa_vanzare,EUR/mp,8,0,0,859,859,,,114950,125,,,,,,,,,7
2026-09-07,Nojorid,casa_vanzare,EUR/mp,53,0,0,1180,1184,920,1417,144500,116,0,,1.9,,0,7.5,66,,54
2026-09-07,Oradea,casa_vanzare,EUR/mp,1324,13,5,1454,1491,1102,1939,229000,150,0.3,4.9,0.2,,0,8.8,63.6,100,1348
2026-09-07,Oradea/Cantemir,casa_vanzare,EUR/mp,17,2,0,1279,1279,1165,1782,199900,137,0,,0,,,5.9,70.6,,18
2026-09-07,Oradea/Centru,casa_vanzare,EUR/mp,39,0,0,1450,1450,886,1941,188000,133,0,,0,,,0,0,,36
2026-09-07,Oradea/Decebal,casa_vanzare,EUR/mp,7,0,0,1281,1281,,,179950,82,,,,,,,,,7
2026-09-07,Oradea/Episcopia,casa_vanzare,EUR/mp,43,0,0,1123,1123,917,1500,200000,180,0,,0,,,0,65.1,,42
2026-09-07,Oradea/Grigorescu,casa_vanzare,EUR/mp,37,0,0,1762,1762,1360,2000,265000,155,0,,0,,,0,78.4,,37
2026-09-07,Oradea/Iosia,casa_vanzare,EUR/mp,80,0,1,1558,1571,1210,2029,220000,142,0,,0,,2,5,40,,80
2026-09-07,Oradea/Nufarul,casa_vanzare,EUR/mp,24,1,0,1624,1588,1477,1813,289990,194,0,,0,,,4.2,50,,22
2026-09-07,Oradea/Olosig,casa_vanzare,EUR/mp,110,1,0,1516,1516,1167,1959,240000,153,0,,0,,,0,90,,110
2026-09-07,Oradea/Podgoria,casa_vanzare,EUR/mp,19,0,0,1700,1700,1225,1897,204000,120,0,,0,,,0,89.5,,19
2026-09-07,Oradea/Rogerius,casa_vanzare,EUR/mp,33,0,0,1683,1683,1058,2077,244450,162,0,,0,,,0,75.8,,33
2026-09-07,Oradea/Salca,casa_vanzare,EUR/mp,10,0,0,1568,1568,1249,1785,292150,150,0,,0,,,0,90,,9
2026-09-07,Oradea/Velenta,casa_vanzare,EUR/mp,18,0,0,1317,1317,1206,1750,204500,120,0,,0,,,0,83.3,,18
2026-09-07,Osorhei,casa_vanzare,EUR/mp,90,0,0,1184,1184,938,1443,140000,129,0,,0,,,0,73.3,,79
2026-09-07,Paleu,casa_vanzare,EUR/mp,59,0,0,1226,1226,969,1465,172400,140,0,,0,,,0,61,,46
2026-09-07,Salard,casa_vanzare,EUR/mp,13,0,0,805,805,738,895,72000,109,0,,0,,,0,69.2,,9
2026-09-07,Sanmartin,casa_vanzare,EUR/mp,239,0,0,1244,1247,991,1582,238800,166,1.3,2.4,0.8,,0,2.5,76.6,,235
2026-09-07,Santandrei,casa_vanzare,EUR/mp,251,0,0,1416,1416,1140,1590,160000,120,0.4,,0.8,,,0,63.7,,214
2026-09-07,Tileagd,casa_vanzare,EUR/mp,12,0,0,506,506,,,89000,176,0,,0,,,0,58.3,,7
2026-09-07,ZMO,casa_vanzare,EUR/mp,2127,13,6,1373,1393,1058,1782,199900,145,0.4,2.3,0.3,2.3,0,6,65.2,100,2059
2026-09-07,Biharia,teren_vanzare,EUR/mp,29,0,0,33,33,18,44,182400,5500,0,,0,,,0,58.6,,20
2026-09-07,Bors,teren_vanzare,EUR/mp,31,0,0,35,35,16,45,68900,3000,0,,0,,,0,64.5,,19
2026-09-07,Cetariu,teren_vanzare,EUR/mp,16,0,0,16,16,,,51000,2059,0,,0,,,0,68.8,,7
2026-09-07,Cihei,teren_vanzare,EUR/mp,59,3,0,81,81,57,100,50000,519,0,,0,,,0,42.4,,39
2026-09-07,Girisu de Cris,teren_vanzare,EUR/mp,12,0,0,19,19,,,35000,5622,0,,0,,,0,83.3,,7
2026-09-07,Nojorid,teren_vanzare,EUR/mp,76,0,1,33,32,19,61,97300,1700,0,,0,,0,9.2,73.7,,55
2026-09-07,Oradea,teren_vanzare,EUR/mp,1034,7,3,66,70,39,122,115000,719,1,2.2,0.4,1.8,0,12.5,62.4,,724
2026-09-07,Oradea/Episcopia,teren_vanzare,EUR/mp,40,0,0,59,59,30,100,88000,2490,0,,0,,,0,75,,34
2026-09-07,Oradea/Grigorescu,teren_vanzare,EUR/mp,39,0,0,109,109,74,145,67450,516,0,,0,,,0,74.4,,36
2026-09-07,Oradea/Iosia,teren_vanzare,EUR/mp,65,2,1,68,70,35,196,119000,1350,0,,0,,0,6.2,21.5,,54
2026-09-07,Oradea/Nufarul,teren_vanzare,EUR/mp,11,1,0,116,116,100,119,178150,1668,0,,0,,,0,72.7,,8
2026-09-07,Oradea/Olosig,teren_vanzare,EUR/mp,60,0,0,60,60,20,90,182475,3185,0,,3.3,,,0,88.3,,48
2026-09-07,Oradea/Podgoria,teren_vanzare,EUR/mp,47,0,0,41,41,24,66,99000,1824,0,,0,,,0,72.3,,42
2026-09-07,Oradea/Rogerius,teren_vanzare,EUR/mp,5,0,0,,,,,105600,1100,,,,,,,,,3
2026-09-07,Oradea/Salca,teren_vanzare,EUR/mp,8,0,0,99,99,,,128500,1150,,,,,,,,,5
2026-09-07,Oradea/Saldabagiu,teren_vanzare,EUR/mp,1,0,0,50,,,,,500,,,,,0,,,,5
2026-09-07,Osorhei,teren_vanzare,EUR/mp,131,0,0,38,38,26,53,61500,691,0,,0,,,0,67.2,,83
2026-09-07,Paleu,teren_vanzare,EUR/mp,137,0,0,45,45,34,60,43000,897,0,,0,,,0,65.7,,105
2026-09-07,Salard,teren_vanzare,EUR/mp,7,0,0,25,25,,,32445,3000,,,,,,,,,5
2026-09-07,Sanmartin,teren_vanzare,EUR/mp,242,1,0,75,75,51,97,69500,739,2.1,2,1.2,3.1,0,2.5,74.8,,210
2026-09-07,Santandrei,teren_vanzare,EUR/mp,141,0,0,80,80,54,115,78000,578,0,,0,,,0,66,,91
2026-09-07,Tileagd,teren_vanzare,EUR/mp,19,0,0,13,13,,,24999,918,0,,0,,,0,47.4,,7
2026-09-07,ZMO,teren_vanzare,EUR/mp,1937,11,4,60,60,35,98,83000,755,0.8,2.2,0.4,3.1,0,7.3,64.5,,1365
2026-09-07,Oradea,casa_chirie,EUR/mp,183,0,0,7,7,6,9,975,130,0,,0,,,0,61.7,,146
2026-09-07,Oradea/Iosia,casa_chirie,EUR/mp,23,0,0,7,7,6,8,800,100,0,,0,,,0,34.8,,19
2026-09-07,Oradea/Olosig,casa_chirie,EUR/mp,7,0,0,9,9,,,2000,210,,,,,,,,,7
2026-09-07,Sanmartin,casa_chirie,EUR/mp,21,0,0,6,6,5,7,1350,300,0,,0,,,0,66.7,,14
2026-09-07,Santandrei,casa_chirie,EUR/mp,16,0,0,6,6,6,7,950,150,0,,0,,,0,75,,13
2026-09-07,ZMO,casa_chirie,EUR/mp,224,0,0,7,7,6,9,1000,144,0,,0,,,0,62.5,,179
2026-09-07,wl:audi-q7-4m,auto,EUR,50,2,14,36500,33000,21900,43900,33000,,8,2.1,0,,1,30,42,,63
2026-09-08,Cihei,apartament_vanzare,EUR/mp,16,0,0,1852,1852,1689,1942,117761,63,0,,0,,,0,62.5,,16
2026-09-08,Girisu de Cris,apartament_vanzare,EUR/mp,7,0,0,1608,1608,,,82000,51,,,,,,,,,7
2026-09-08,Oradea,apartament_vanzare,EUR/mp,1967,52,71,1884,1884,1599,2242,105000,55,3.3,1.7,1.5,2.5,2,10.9,55.8,99.2,2077
2026-09-08,Oradea/Cantemir,apartament_vanzare,EUR/mp,27,0,1,1930,1930,1660,2892,142500,68,0,,0,,,7.4,55.6,,29
2026-09-08,Oradea/Centru,apartament_vanzare,EUR/mp,56,0,0,2016,2016,1613,2333,133000,73,0,,0,,,0,0,,54
2026-09-08,Oradea/Decebal,apartament_vanzare,EUR/mp,104,2,1,1818,1815,1615,2019,99800,62,3.8,2.9,3.8,0.4,,1.9,64.4,,104
2026-09-08,Oradea/Iosia,apartament_vanzare,EUR/mp,239,4,6,2026,2008,1726,2528,115000,55,4.2,2.2,1.7,2.4,3,4.2,43.5,100,238
2026-09-08,Oradea/Nufarul,apartament_vanzare,EUR/mp,141,0,1,1886,1886,1689,2311,115000,56,5,1.5,2.1,2.6,3,2.1,49.6,100,138
2026-09-08,Oradea/Olosig,apartament_vanzare,EUR/mp,135,2,3,1898,1893,1594,2380,122750,65,1.5,,1.5,,4,3,91.9,,139
2026-09-08,Oradea/Podgoria,apartament_vanzare,EUR/mp,6,0,0,1943,1943,,,110500,56,,,,,,,,,6
2026-09-08,Oradea/Rogerius,apartament_vanzare,EUR/mp,243,4,0,1745,1745,1532,1965,79990,50,2.5,1.2,2.9,2.6,0,1.2,40.3,,241
2026-09-08,Oradea/Salca,apartament_vanzare,EUR/mp,14,0,1,2040,1970,1691,2115,126950,66,14.3,,0,,,7.1,85.7,,15
2026-09-08,Oradea/Velenta,apartament_vanzare,EUR/mp,42,1,0,1775,1775,1576,1946,76900,42,7.1,1.6,0,,,0,85.7,,40
2026-09-08,Sanmartin,apartament_vanzare,EUR/mp,137,0,2,1684,1688,1475,2000,88000,50,2.2,1.6,0,,0,8.8,73,100,143
2026-09-08,Santandrei,apartament_vanzare,EUR/mp,62,0,0,1597,1597,1444,2019,102900,65,1.6,,0,,,0,58.1,100,53
2026-09-08,ZMO,apartament_vanzare,EUR/mp,2198,52,73,1868,1867,1579,2202,102202,56,3.1,1.7,1.3,2.5,2,10.3,57,99.4,2303
2026-09-08,Cihei,apartament_chirie,EUR/mp,5,0,0,7,7,,,450,65,,,,,,,,,5
2026-09-08,Oradea,apartament_chirie,EUR/mp,1574,69,71,8,8,6,9,400,55,4,5.7,0.8,2.5,2,12.9,45.9,99.3,1631
2026-09-08,Oradea/Cantemir,apartament_chirie,EUR/mp,23,0,0,11,11,7,12,559,52,4.3,,4.3,,,0,69.6,,23
2026-09-08,Oradea/Centru,apartament_chirie,EUR/mp,30,0,0,8,8,7,8,420,60,0,,0,,,0,0,,27
2026-09-08,Oradea/Decebal,apartament_chirie,EUR/mp,46,2,0,6,6,5,7,385,63,4.3,,0,,,2.2,58.7,,45
2026-09-08,Oradea/Iosia,apartament_chirie,EUR/mp,296,5,3,8,8,6,9,390,55,1.4,4.4,0.7,,3,3.4,32.1,100,289
2026-09-08,Oradea/Nufarul,apartament_chirie,EUR/mp,61,0,0,7,7,6,9,450,61,4.9,5.7,0,,,0,49.2,,59
2026-09-08,Oradea/Olosig,apartament_chirie,EUR/mp,95,1,0,7,7,6,9,468,64,6.3,6.9,1.1,,,2.1,85.3,100,95
2026-09-08,Oradea/Rogerius,apartament_chirie,EUR/mp,94,4,1,6,6,5,8,325,52,5.3,11.1,1.1,,,1.1,27.7,,90
2026-09-08,Oradea/Salca,apartament_chirie,EUR/mp,11,0,0,8,8,6,9,400,52,9.1,,0,,,9.1,81.8,,11
2026-09-08,Oradea/Velenta,apartament_chirie,EUR/mp,12,0,0,8,8,8,10,570,56,8.3,,0,,,0,66.7,,12
2026-09-08,Osorhei,apartament_chirie,EUR/mp,8,0,0,10,10,9,11,569,54,,,,,,,,,8
2026-09-08,Sanmartin,apartament_chirie,EUR/mp,34,0,0,8,8,7,9,400,50,2.9,,2.9,,2,14.7,52.9,,32
2026-09-08,Santandrei,apartament_chirie,EUR/mp,13,0,0,8,8,7,9,425,57,0,,0,,,0,69.2,,12
2026-09-08,ZMO,apartament_chirie,EUR/mp,1636,69,71,8,8,6,9,400,55,3.9,5.7,0.8,2.4,2,12.7,46.5,99.3,1689
2026-09-08,Biharia,casa_vanzare,EUR/mp,19,0,0,963,963,816,1188,139500,118,0,,0,,,0,47.4,,12
2026-09-08,Bors,casa_vanzare,EUR/mp,17,0,0,661,661,517,890,88950,118,0,,0,,,0,64.7,,12
2026-09-08,Cihei,casa_vanzare,EUR/mp,38,1,0,1287,1282,1038,1540,202000,153,0,,0,,,2.6,57.9,,39
2026-09-08,Girisu de Cris,casa_vanzare,EUR/mp,8,0,0,859,859,,,114950,125,,,,,,,,,7
2026-09-08,Nojorid,casa_vanzare,EUR/mp,55,2,0,1180,1184,1005,1417,141950,116,0,,1.8,,0,7.3,67.3,,56
2026-09-08,Oradea,casa_vanzare,EUR/mp,1323,20,21,1458,1479,1105,1939,225000,150,1.3,3.5,0.5,5,0,10.4,63.5,100,1365
2026-09-08,Oradea/Cantemir,casa_vanzare,EUR/mp,17,0,0,1279,1279,1165,1782,199900,137,0,,0,,,5.9,70.6,,18
2026-09-08,Oradea/Centru,casa_vanzare,EUR/mp,40,1,0,1450,1450,886,1941,188000,133,0,,0,,,0,0,,36
2026-09-08,Oradea/Decebal,casa_vanzare,EUR/mp,7,0,0,1281,1281,,,179950,82,,,,,,,,,7
2026-09-08,Oradea/Episcopia,casa_vanzare,EUR/mp,44,1,0,1144,1144,917,1500,200000,175,2.3,,0,,,0,65.9,,43
2026-09-08,Oradea/Grigorescu,casa_vanzare,EUR/mp,38,1,0,1741,1741,1360,1967,262400,155,2.6,,0,,,0,76.3,,38
2026-09-08,Oradea/Iosia,casa_vanzare,EUR/mp,81,1,0,1561,1581,1216,2029,222500,140,1.2,,0,,2,4.9,39.5,,81
2026-09-08,Oradea/Nufarul,casa_vanzare,EUR/mp,24,1,1,1588,1568,1306,1813,285000,193,0,,0,,,8.3,50,,23
2026-09-08,Oradea/Olosig,casa_vanzare,EUR/mp,109,1,2,1516,1516,1171,1959,244000,153,0,,0,,,1.8,89.9,,111
2026-09-08,Oradea/Podgoria,casa_vanzare,EUR/mp,19,0,0,1700,1700,1225,1897,204000,120,0,,0,,,0,89.5,,19
2026-09-08,Oradea/Rogerius,casa_vanzare,EUR/mp,33,0,0,1710,1710,1058,2077,244450,162,3,,3,,,0,75.8,,33
2026-09-08,Oradea/Salca,casa_vanzare,EUR/mp,10,0,0,1568,1568,1249,1785,292150,150,0,,0,,,0,90,,9
2026-09-08,Oradea/Velenta,casa_vanzare,EUR/mp,18,0,0,1317,1317,1206,1750,204500,120,0,,0,,,0,83.3,,18
2026-09-08,Osorhei,casa_vanzare,EUR/mp,90,0,0,1184,1184,938,1443,140000,129,0,,0,,,0,73.3,,79
2026-09-08,Paleu,casa_vanzare,EUR/mp,59,0,0,1226,1226,969,1465,172400,140,0,,0,,,0,61,,46
2026-09-08,Salard,casa_vanzare,EUR/mp,13,0,0,805,805,738,895,72000,109,0,,0,,,0,69.2,,9
2026-09-08,Sanmartin,casa_vanzare,EUR/mp,241,3,1,1246,1248,991,1581,238800,166,1.7,2.5,0.8,,0,2.9,75.9,,238
2026-09-08,Santandrei,casa_vanzare,EUR/mp,251,0,0,1416,1416,1140,1590,160000,120,0.4,,1.6,3.1,,0,63.7,,214
2026-09-08,Tileagd,casa_vanzare,EUR/mp,12,0,0,506,506,,,89000,176,0,,0,,,0,58.3,,7
2026-09-08,ZMO,casa_vanzare,EUR/mp,2131,26,22,1373,1387,1058,1779,199800,145,1,2.7,0.7,3.9,0,7,65.1,100,2082
2026-09-08,Biharia,teren_vanzare,EUR/mp,29,0,0,33,33,18,44,182400,5500,0,,0,,,0,58.6,,20
2026-09-08,Bors,teren_vanzare,EUR/mp,31,0,0,35,35,16,45,68900,3000,0,,0,,,0,64.5,,19
2026-09-08,Cetariu,teren_vanzare,EUR/mp,16,0,0,16,16,,,51000,2059,0,,0,,,0,68.8,,7
2026-09-08,Cihei,teren_vanzare,EUR/mp,62,4,1,78,74,57,100,49400,521,1.6,,0,,,1.6,41.9,,42
2026-09-08,Girisu de Cris,teren_vanzare,EUR/mp,12,0,0,19,19,,,35000,5622,0,,0,,,0,83.3,,7
2026-09-08,Nojorid,teren_vanzare,EUR/mp,74,0,2,33,34,19,61,99800,1700,0,,0,,0,12.2,74.3,,55
2026-09-08,Oradea,teren_vanzare,EUR/mp,1025,7,16,66,70,39,122,112290,719,1.2,2.2,1,8.4,0,14.1,62.5,,728
2026-09-08,Oradea/Episcopia,teren_vanzare,EUR/mp,40,0,0,59,59,30,100,88000,2490,0,,0,,,0,75,,34
2026-09-08,Oradea/Grigorescu,teren_vanzare,EUR/mp,39,0,0,109,109,74,145,67250,516,2.6,,0,,,0,74.4,,36
2026-09-08,Oradea/Iosia,teren_vanzare,EUR/mp,64,0,1,68,70,35,196,119000,1251,0,,0,,0,7.8,21.9,,54
2026-09-08,Oradea/Nufarul,teren_vanzare,EUR/mp,11,0,0,116,116,100,119,178150,1668,0,,0,,,0,72.7,,8
2026-09-08,Oradea/Olosig,teren_vanzare,EUR/mp,59,1,2,56,60,21,90,182500,3369,0,,3.4,,,3.4,88.1,,49
2026-09-08,Oradea/Podgoria,teren_vanzare,EUR/mp,47,0,0,41,41,24,66,99000,1824,0,,0,,,0,72.3,,42
2026-09-08,Oradea/Rogerius,teren_vanzare,EUR/mp,5,0,0,,,,,105600,1100,,,,,,,,,3
2026-09-08,Oradea/Salca,teren_vanzare,EUR/mp,8,0,0,99,99,,,128500,1150,,,,,,,,,5
2026-09-08,Oradea/Saldabagiu,teren_vanzare,EUR/mp,1,0,0,50,,,,,500,,,,,0,,,,5
2026-09-08,Osorhei,teren_vanzare,EUR/mp,131,0,0,38,38,26,53,61500,691,0,,0,,,0,67.2,,83
2026-09-08,Paleu,teren_vanzare,EUR/mp,137,0,0,45,45,34,60,43000,897,0,,0,,,0,65.7,,105
2026-09-08,Salard,teren_vanzare,EUR/mp,7,0,0,25,25,,,32445,3000,,,,,,,,,5
2026-09-08,Sanmartin,teren_vanzare,EUR/mp,243,1,0,75,75,51,96,69500,745,2.1,12.7,0.8,,0,2.5,74.5,,210
2026-09-08,Santandrei,teren_vanzare,EUR/mp,141,0,0,80,80,54,115,78000,578,0,,0,,,0,66,,91
2026-09-08,Tileagd,teren_vanzare,EUR/mp,19,0,0,13,13,,,24999,918,0,,0,,,0,47.4,,7
2026-09-08,ZMO,teren_vanzare,EUR/mp,1930,12,19,60,60,35,98,83000,754,0.9,2.2,0.6,6.9,0,8.3,64.6,,1372
2026-09-08,Oradea,casa_chirie,EUR/mp,183,0,0,7,7,6,9,975,130,0,,0,,,0,61.7,,146
2026-09-08,Oradea/Iosia,casa_chirie,EUR/mp,23,0,0,7,7,6,8,800,100,0,,0,,,0,34.8,,19
2026-09-08,Oradea/Olosig,casa_chirie,EUR/mp,7,0,0,9,9,,,2000,210,,,,,,,,,7
2026-09-08,Sanmartin,casa_chirie,EUR/mp,21,0,0,6,6,5,7,1350,300,0,,0,,,0,66.7,,14
2026-09-08,Santandrei,casa_chirie,EUR/mp,16,0,0,6,6,6,7,950,150,0,,0,,,0,75,,13
2026-09-08,ZMO,casa_chirie,EUR/mp,224,0,0,7,7,6,9,1000,144,0,,0,,,0,62.5,,179
2026-09-08,wl:audi-q7-4m,auto,EUR,53,5,2,34199,31800,21900,43900,31800,,11.3,2.4,0,,1,32.1,41.5,,67
2026-09-09,Cihei,apartament_vanzare,EUR/mp,16,0,0,1852,1852,1689,1942,117761,63,0,,0,,,0,62.5,,16
2026-09-09,Girisu de Cris,apartament_vanzare,EUR/mp,7,0,0,1608,1608,,,82000,51,,,,,,,,,7
2026-09-09,Oradea,apartament_vanzare,EUR/mp,1935,47,79,1884,1885,1597,2242,104945,55,4,2.4,2,2.2,3,15.1,55.4,99.2,2122
2026-09-09,Oradea/Cantemir,apartament_vanzare,EUR/mp,28,1,0,1914,1914,1635,2892,142000,68,0,,0,,,7.1,57.1,,30
2026-09-09,Oradea/Centru,apartament_vanzare,EUR/mp,56,0,0,2016,2016,1613,2333,133000,73,0,,0,,,0,0,,54
2026-09-09,Oradea/Decebal,apartament_vanzare,EUR/mp,104,1,1,1821,1818,1615,2018,99800,62,6.7,2.6,1.9,,4,2.9,63.5,,105
2026-09-09,Oradea/Iosia,apartament_vanzare,EUR/mp,232,2,9,2014,2026,1713,2528,115000,55,4.7,2.6,1.7,2.4,4,8.2,42.7,100,240
2026-09-09,Oradea/Nufarul,apartament_vanzare,EUR/mp,141,1,1,1885,1885,1670,2334,115000,56,7.1,2.4,2.8,2.3,3,2.8,49.6,100,139
2026-09-09,Oradea/Olosig,apartament_vanzare,EUR/mp,130,2,7,1899,1891,1594,2327,123000,64,1.5,,3.8,0.8,3,8.5,90.8,,141
2026-09-09,Oradea/Podgoria,apartament_vanzare,EUR/mp,6,0,0,1943,1943,,,110500,56,,,,,,,,,6
2026-09-09,Oradea/Rogerius,apartament_vanzare,EUR/mp,243,2,2,1745,1734,1525,1965,79945,50,3.3,1.8,2.9,2.6,0,2.1,39.5,,243
2026-09-09,Oradea/Salca,apartament_vanzare,EUR/mp,14,0,0,2040,1970,1691,2115,126950,66,14.3,,0,,,7.1,85.7,,15
2026-09-09,Oradea/Velenta,apartament_vanzare,EUR/mp,43,2,1,1786,1785,1576,2094,73700,40,9.3,1.8,0,,,2.3,83.7,,44
2026-09-09,Sanmartin,apartament_vanzare,EUR/mp,135,1,3,1677,1684,1474,2033,88000,50,1.5,,0,,0,11.1,72.6,100,144
2026-09-09,Santandrei,apartament_vanzare,EUR/mp,62,0,0,1597,1597,1444,2019,102900,65,1.6,,0,,,0,58.1,100,53
2026-09-09,ZMO,apartament_vanzare,EUR/mp,2164,48,82,1869,1870,1576,2204,102000,55,3.7,2.4,1.8,2.2,3,14.2,56.7,99.4,2349
2026-09-09,Cihei,apartament_chirie,EUR/mp,5,0,0,7,7,,,450,65,,,,,,,,,5
2026-09-09,Oradea,apartament_chirie,EUR/mp,1576,49,47,8,8,6,9,400,55,5.1,6,1.1,2.3,3,15.9,45.9,99.3,1670
2026-09-09,Oradea/Cantemir,apartament_chirie,EUR/mp,23,0,0,11,11,7,12,559,52,4.3,,4.3,,,0,69.6,,23
2026-09-09,Oradea/Centru,apartament_chirie,EUR/mp,32,2,0,8,8,7,9,420,60,0,,0,,,0,0,,29
2026-09-09,Oradea/Decebal,apartament_chirie,EUR/mp,46,0,0,6,6,5,7,385,63,6.5,7.9,0,,,2.2,58.7,,45
2026-09-09,Oradea/Iosia,apartament_chirie,EUR/mp,308,13,1,8,8,6,9,385,55,2.9,5,1,2,3,3.6,31.2,100,297
2026-09-09,Oradea/Nufarul,apartament_chirie,EUR/mp,64,3,0,7,7,6,9,450,62,4.7,5.7,0,,,0,48.4,,63
2026-09-09,Oradea/Olosig,apartament_chirie,EUR/mp,98,3,0,7,7,5,9,460,64,9.2,5.4,2,,,2,83.7,100,97
2026-09-09,Oradea/Rogerius,apartament_chirie,EUR/mp,94,0,0,6,6,5,8,325,52,7.4,7.5,1.1,,,1.1,27.7,,90
2026-09-09,Oradea/Salca,apartament_chirie,EUR/mp,12,1,0,8,8,6,9,415,53,8.3,,0,,,8.3,83.3,,12
2026-09-09,Oradea/Velenta,apartament_chirie,EUR/mp,13,1,0,8,8,8,10,550,56,7.7,,0,,,0,69.2,,13
2026-09-09,Osorhei,apartament_chirie,EUR/mp,8,0,0,10,10,9,11,569,54,,,,,,,,,8
2026-09-09,Sanmartin,apartament_chirie,EUR/mp,34,0,0,8,8,7,9,400,50,2.9,,0,,2,14.7,52.9,,32
2026-09-09,Santandrei,apartament_chirie,EUR/mp,13,0,0,8,8,7,9,425,57,0,,0,,,0,69.2,,12
2026-09-09,ZMO,apartament_chirie,EUR/mp,1638,49,47,8,8,6,9,400,55,5,6.1,1,2.3,3,15.6,46.4,99.3,1728
2026-09-09,Biharia,casa_vanzare,EUR/mp,19,0,0,963,963,816,1188,139500,118,0,,0,,,0,47.4,,12
2026-09-09,Bors,casa_vanzare,EUR/mp,17,0,0,661,661,517,890,88950,118,0,,0,,,0,64.7,,12
2026-09-09,Cihei,casa_vanzare,EUR/mp,38,1,1,1288,1331,1038,1582,202000,153,0,,0,,,5.3,57.9,,40
2026-09-09,Girisu de Cris,casa_vanzare,EUR/mp,8,0,0,859,859,,,114950,125,,,,,,,,,7
2026-09-09,Nojorid,casa_vanzare,EUR/mp,58,3,0,1168,1168,920,1417,139000,115,0,,3.4,,0,6.9,65.5,,59
2026-09-09,Oradea,casa_vanzare,EUR/mp,1322,23,24,1458,1479,1102,1933,228800,150,1.8,3.2,0.7,5,0,12.3,63.2,100,1387
2026-09-09,Oradea/Cantemir,casa_vanzare,EUR/mp,17,0,0,1279,1279,1165,1782,199900,137,0,,0,,,5.9,70.6,,18
2026-09-09,Oradea/Centru,casa_vanzare,EUR/mp,41,1,0,1442,1442,933,1941,191500,136,0,,0,,,0,0,,37
2026-09-09,Oradea/Decebal,casa_vanzare,EUR/mp,7,0,0,1281,1281,,,179950,82,,,,,,,,,7
2026-09-09,Oradea/Episcopia,casa_vanzare,EUR/mp,44,0,0,1144,1144,917,1500,200000,175,2.3,,0,,,0,65.9,,43
2026-09-09,Oradea/Grigorescu,casa_vanzare,EUR/mp,38,0,0,1741,1741,1360,1967,262400,155,2.6,,0,,,0,76.3,,38
2026-09-09,Oradea/Iosia,casa_vanzare,EUR/mp,87,8,2,1558,1571,1210,2011,220000,140,2.3,,0,,3,6.9,37.9,,88
2026-09-09,Oradea/Nufarul,casa_vanzare,EUR/mp,25,1,0,1578,1568,1290,1813,267000,200,0,,0,,,8,48,,24
2026-09-09,Oradea/Olosig,casa_vanzare,EUR/mp,109,2,2,1516,1516,1175,1962,248250,155,0.9,,0,,5,3.7,89.9,,113
2026-09-09,Oradea/Podgoria,casa_vanzare,EUR/mp,18,0,1,1700,1700,1225,1897,204000,120,0,,0,,,5.6,88.9,,19
2026-09-09,Oradea/Rogerius,casa_vanzare,EUR/mp,35,2,0,1666,1666,1019,2013,234500,160,2.9,,2.9,,,0,71.4,,35
2026-09-09,Oradea/Salca,casa_vanzare,EUR/mp,10,0,0,1568,1568,1249,1785,292150,150,0,,0,,,0,90,,9
2026-09-09,Oradea/Velenta,casa_vanzare,EUR/mp,18,0,0,1317,1317,1206,1750,204500,120,5.6,,0,,,0,83.3,,18
2026-09-09,Osorhei,casa_vanzare,EUR/mp,90,0,0,1184,1184,938,1443,140000,129,0,,0,,,0,73.3,,79
2026-09-09,Paleu,casa_vanzare,EUR/mp,59,0,0,1226,1226,969,1465,172400,140,0,,0,,,0,61,,46
2026-09-09,Salard,casa_vanzare,EUR/mp,13,0,0,805,805,738,895,72000,109,0,,0,,,0,69.2,,9
2026-09-09,Sanmartin,casa_vanzare,EUR/mp,238,1,4,1246,1250,991,1582,238800,170,2.9,2.4,1.3,0.2,0,4.6,76.5,,238
2026-09-09,Santandrei,casa_vanzare,EUR/mp,251,0,0,1416,1416,1140,1590,160000,120,1.2,3.9,1.6,3.1,,0,63.7,,214
2026-09-09,Tileagd,casa_vanzare,EUR/mp,12,0,0,506,506,,,89000,176,0,,0,,,0,58.3,,7
2026-09-09,ZMO,casa_vanzare,EUR/mp,2130,28,29,1373,1388,1055,1779,199800,145,1.6,2.9,0.8,4.7,0,8.4,65,100,2109
2026-09-09,Biharia,teren_vanzare,EUR/mp,29,0,0,33,33,18,44,182400,5500,0,,0,,,0,58.6,,20
2026-09-09,Bors,teren_vanzare,EUR/mp,31,0,0,35,35,16,45,68900,3000,0,,0,,,0,64.5,,19
2026-09-09,Cetariu,teren_vanzare,EUR/mp,16,0,0,16,16,,,51000,2059,0,,0,,,0,68.8,,7
2026-09-09,Cihei,teren_vanzare,EUR/mp,63,1,0,78,74,57,100,49800,519,3.2,,0,,,1.6,41.3,,42
2026-09-09,Girisu de Cris,teren_vanzare,EUR/mp,12,0,0,19,19,,,35000,5622,0,,0,,,0,83.3,,7
2026-09-09,Nojorid,teren_vanzare,EUR/mp,74,0,0,33,34,19,61,99800,1700,0,,0,,0,12.2,74.3,,55
2026-09-09,Oradea,teren_vanzare,EUR/mp,1026,9,8,66,70,39,124,112000,726,1.2,2.3,1,8.4,0,14.9,62.3,,733
2026-09-09,Oradea/Episcopia,teren_vanzare,EUR/mp,40,0,0,59,59,30,100,88000,2490,0,,0,,,0,75,,34
2026-09-09,Oradea/Grigorescu,teren_vanzare,EUR/mp,39,0,0,109,109,74,145,67450,516,0,,0,,,0,74.4,,36
2026-09-09,Oradea/Iosia,teren_vanzare,EUR/mp,65,1,0,66,70,35,196,118500,1350,0,,0,,0,7.7,21.5,,55
2026-09-09,Oradea/Nufarul,teren_vanzare,EUR/mp,11,0,0,116,116,100,119,178150,1668,0,,0,,,0,72.7,,8
2026-09-09,Oradea/Olosig,teren_vanzare,EUR/mp,57,0,2,56,54,21,90,182450,3369,1.8,,3.5,,5,7,87.7,,49
2026-09-09,Oradea/Podgoria,teren_vanzare,EUR/mp,46,0,1,41,39,24,66,98608,1795,0,,0,,,2.2,71.7,,42
2026-09-09,Oradea/Rogerius,teren_vanzare,EUR/mp,5,0,0,,,,,105600,1100,,,,,,,,,3
2026-09-09,Oradea/Salca,teren_vanzare,EUR/mp,8,0,0,99,99,,,128500,1150,,,,,,,,,5
2026-09-09,Oradea/Saldabagiu,teren_vanzare,EUR/mp,1,0,0,50,,,,25000,500,,,,,0,,,,5
2026-09-09,Osorhei,teren_vanzare,EUR/mp,131,0,0,38,38,26,53,61500,691,0,,0,,,0,67.2,,83
2026-09-09,Paleu,teren_vanzare,EUR/mp,137,0,0,45,45,34,60,43000,897,0,,0,,,0,65.7,,105
2026-09-09,Salard,teren_vanzare,EUR/mp,7,0,0,25,25,,,32445,3000,,,,,,,,,5
2026-09-09,Sanmartin,teren_vanzare,EUR/mp,243,0,0,75,75,51,96,69500,745,1.6,17.8,0.8,,0,2.5,74.5,,210
2026-09-09,Santandrei,teren_vanzare,EUR/mp,141,0,0,80,80,54,115,78000,578,0,,0,,,0,66,,91
2026-09-09,Tileagd,teren_vanzare,EUR/mp,19,0,0,13,13,,,24999,918,0,,0,,,0,47.4,,7
2026-09-09,ZMO,teren_vanzare,EUR/mp,1932,10,8,60,61,35,98,81745,755,0.9,2.3,0.6,6.9,0,8.7,64.4,,1377
2026-09-09,Oradea,casa_chirie,EUR/mp,183,0,0,7,7,6,9,975,130,0,,0,,,0,61.7,,146
2026-09-09,Oradea/Iosia,casa_chirie,EUR/mp,23,0,0,7,7,6,8,800,100,0,,0,,,0,34.8,,19
2026-09-09,Oradea/Olosig,casa_chirie,EUR/mp,7,0,0,9,9,,,2000,210,,,,,,,,,7
2026-09-09,Sanmartin,casa_chirie,EUR/mp,21,0,0,6,6,5,7,1350,300,0,,0,,,0,66.7,,14
2026-09-09,Santandrei,casa_chirie,EUR/mp,16,0,0,6,6,6,7,950,150,0,,0,,,0,75,,13
2026-09-09,ZMO,casa_chirie,EUR/mp,224,0,0,7,7,6,9,1000,144,0,,0,,,0,62.5,,179
2026-09-09,wl:audi-q7-4m,auto,EUR,52,1,2,35350,35350,22500,44770,35350,,13.5,2.2,0,,1,36.5,44.2,,68
2026-09-10,Cihei,apartament_vanzare,EUR/mp,18,2,0,1806,1806,1688,1891,114338,64,0,,0,,,0,66.7,,18
2026-09-10,Girisu de Cris,apartament_vanzare,EUR/mp,7,0,0,1608,1608,,,82000,51,,,,,,,,,7
2026-09-10,Oradea,apartament_vanzare,EUR/mp,1984,49,0,1886,1887,1600,2229,104900,55,5.1,2.5,2.5,2.4,3,14.8,55.8,99.3,2171
2026-09-10,Oradea/Cantemir,apartament_vanzare,EUR/mp,28,0,0,1914,1914,1635,2892,142000,68,0,,0,,,7.1,57.1,,30
2026-09-10,Oradea/Centru,apartament_vanzare,EUR/mp,56,0,0,2016,2016,1613,2333,133000,73,0,,1.8,,,0,0,,54
2026-09-10,Oradea/Decebal,apartament_vanzare,EUR/mp,105,1,0,1825,1821,1615,2018,99900,62,7.6,3.1,1.9,,4,2.9,62.9,,106
2026-09-10,Oradea/Iosia,apartament_vanzare,EUR/mp,233,1,0,2021,2030,1713,2528,115000,55,4.7,2.5,2.6,2.5,4,8.2,42.9,100,241
2026-09-10,Oradea/Nufarul,apartament_vanzare,EUR/mp,143,2,0,1882,1882,1670,2334,115000,56,7.7,2.5,3.5,2,3,2.8,50.3,100,141
2026-09-10,Oradea/Olosig,apartament_vanzare,EUR/mp,130,0,0,1899,1891,1594,2327,123000,64,3.1,1.5,3.8,0.4,3,8.5,90.8,,141
2026-09-10,Oradea/Podgoria,apartament_vanzare,EUR/mp,6,0,0,1943,1943,,,110500,56,,,,,,,,,6
2026-09-10,Oradea/Rogerius,apartament_vanzare,EUR/mp,244,1,0,1745,1737,1525,1965,79900,50,6.1,2.5,4.1,2.8,0,2,39.8,,244
2026-09-10,Oradea/Salca,apartament_vanzare,EUR/mp,14,0,0,2040,1970,1691,2115,126950,66,14.3,,0,,,7.1,85.7,,15
2026-09-10,Oradea/Velenta,apartament_vanzare,EUR/mp,44,1,0,1786,1786,1576,2094,74900,41,4.5,,0,,,2.3,84.1,,44
2026-09-10,Sanmartin,apartament_vanzare,EUR/mp,135,0,0,1677,1684,1474,2033,88000,50,1.5,,0,,0,11.1,72.6,100,144
2026-09-10,Santandrei,apartament_vanzare,EUR/mp,62,0,0,1597,1597,1444,2019,102900,65,0,,0,,,0,58.1,100,53
2026-09-10,ZMO,apartament_vanzare,EUR/mp,2215,51,0,1871,1873,1582,2200,101970,55,4.7,2.5,2.2,2.4,3,13.9,57,99.4,2400
2026-09-10,Cihei,apartament_chirie,EUR/mp,6,1,0,7,7,,,475,63,,,,,,,,,6
2026-09-10,Oradea,apartament_chirie,EUR/mp,1609,33,0,8,7,6,9,400,55,6.3,5.6,1.1,2.6,3,15.5,46.1,98.6,1702
2026-09-10,Oradea/Cantemir,apartament_chirie,EUR/mp,24,1,0,11,11,7,12,540,52,4.2,,4.2,,,0,70.8,,24
2026-09-10,Oradea/Centru,apartament_chirie,EUR/mp,32,0,0,8,8,7,9,420,60,0,,0,,,0,0,,29
2026-09-10,Oradea/Decebal,apartament_chirie,EUR/mp,47,1,0,6,6,6,7,390,63,6.4,7.9,0,,,2.1,59.6,,46
2026-09-10,Oradea/Iosia,apartament_chirie,EUR/mp,312,4,0,8,8,6,9,380,55,3.5,2.6,1.3,2,3,3.5,30.8,100,301
2026-09-10,Oradea/Nufarul,apartament_chirie,EUR/mp,66,2,0,7,7,5,9,450,62,6.1,8.4,1.5,,,0,50,90,65
2026-09-10,Oradea/Olosig,apartament_chirie,EUR/mp,100,2,0,7,7,5,9,450,64,11,5.4,2,,,2,84,90.9,99
2026-09-10,Oradea/Rogerius,apartament_chirie,EUR/mp,96,2,0,6,6,5,8,325,52,6.3,9.3,1,,,1,29.2,,92
2026-09-10,Oradea/Salca,apartament_chirie,EUR/mp,13,1,0,8,8,7,9,400,52,7.7,,0,,,7.7,84.6,,13
2026-09-10,Oradea/Velenta,apartament_chirie,EUR/mp,13,0,0,8,8,8,10,550,56,15.4,,0,,,0,69.2,,13
2026-09-10,Osorhei,apartament_chirie,EUR/mp,8,0,0,10,10,9,11,569,54,,,,,,,,,8
2026-09-10,Sanmartin,apartament_chirie,EUR/mp,34,0,0,8,8,7,9,400,50,5.9,,0,,2,14.7,52.9,,32
2026-09-10,Santandrei,apartament_chirie,EUR/mp,13,0,0,8,8,7,9,425,57,0,,0,,,0,69.2,,12
2026-09-10,ZMO,apartament_chirie,EUR/mp,1672,34,0,8,8,6,9,400,55,6.2,5.6,1.1,2.6,3,15.3,46.6,98.7,1761
2026-09-10,Biharia,casa_vanzare,EUR/mp,19,0,0,963,963,816,1188,139500,118,0,,0,,,0,47.4,,12
2026-09-10,Bors,casa_vanzare,EUR/mp,17,0,0,661,661,517,890,88950,118,0,,0,,,0,64.7,,12
2026-09-10,Cihei,casa_vanzare,EUR/mp,41,3,0,1275,1275,1013,1582,210000,158,0,,0,,,4.9,58.5,,43
2026-09-10,Girisu de Cris,casa_vanzare,EUR/mp,8,0,0,859,859,,,114950,125,,,,,,,,,7
2026-09-10,Nojorid,casa_vanzare,EUR/mp,58,0,0,1168,1168,920,1417,139000,115,0,,3.4,,0,6.9,65.5,,59
2026-09-10,Oradea,casa_vanzare,EUR/mp,1334,12,0,1458,1479,1102,1938,225000,150,2.2,3.5,0.7,5,0,12.1,63.1,100,1399
2026-09-10,Oradea/Cantemir,casa_vanzare,EUR/mp,17,0,0,1279,1279,1165,1782,199900,137,0,,0,,,5.9,70.6,,18
2026-09-10,Oradea/Centru,casa_vanzare,EUR/mp,42,1,0,1395,1395,933,1905,188000,139,0,,0,,,0,0,,38
2026-09-10,Oradea/Decebal,casa_vanzare,EUR/mp,7,0,0,1281,1281,,,179950,82,,,,,,,,,7
2026-09-10,Oradea/Episcopia,casa_vanzare,EUR/mp,44,0,0,1144,1144,917,1500,200000,175,2.3,,0,,,0,65.9,,43
2026-09-10,Oradea/Grigorescu,casa_vanzare,EUR/mp,38,0,0,1741,1741,1360,1967,262400,155,2.6,,0,,,0,76.3,,38
2026-09-10,Oradea/Iosia,casa_vanzare,EUR/mp,87,0,0,1558,1571,1210,2011,220000,140,2.3,,0,,3,6.9,37.9,,88
2026-09-10,Oradea/Nufarul,casa_vanzare,EUR/mp,25,0,0,1578,1568,1290,1813,267000,200,0,,0,,,8,48,,24
2026-09-10,Oradea/Olosig,casa_vanzare,EUR/mp,110,1,0,1508,1516,1171,1959,248000,154,1.8,,0,,5,3.6,90,,114
2026-09-10,Oradea/Podgoria,casa_vanzare,EUR/mp,18,0,0,1700,1700,1225,1897,204000,120,0,,0,,,5.6,88.9,,19
2026-09-10,Oradea/Rogerius,casa_vanzare,EUR/mp,35,0,0,1666,1666,1019,2013,234500,160,2.9,,2.9,,,0,71.4,,35
2026-09-10,Oradea/Salca,casa_vanzare,EUR/mp,10,0,0,1568,1568,1249,1785,292150,150,0,,0,,,0,90,,9
2026-09-10,Oradea/Velenta,casa_vanzare,EUR/mp,19,1,0,1333,1333,1206,1769,210000,120,5.3,,0,,,0,84.2,,19
2026-09-10,Osorhei,casa_vanzare,EUR/mp,90,0,0,1184,1184,938,1443,140000,129,0,,0,,,0,73.3,,79
2026-09-10,Paleu,casa_vanzare,EUR/mp,59,0,0,1226,1226,969,1465,172400,140,0,,0,,,0,61,,46
2026-09-10,Salard,casa_vanzare,EUR/mp,13,0,0,805,805,738,895,72000,109,0,,0,,,0,69.2,,9
2026-09-10,Sanmartin,casa_vanzare,EUR/mp,238,0,0,1246,1250,991,1582,238800,170,3.4,2.5,1.3,0.2,0,4.6,76.5,,238
2026-09-10,Santandrei,casa_vanzare,EUR/mp,251,0,0,1416,1416,1140,1590,160000,120,2,3.9,1.6,3.1,,0,63.7,,214
2026-09-10,Tileagd,casa_vanzare,EUR/mp,12,0,0,506,506,,,89000,176,0,,0,,,0,58.3,,7
2026-09-10,ZMO,casa_vanzare,EUR/mp,2145,15,0,1373,1387,1055,1779,199800,145,2,3.5,0.8,4.7,0,8.3,64.9,100,2124
2026-09-10,Biharia,teren_vanzare,EUR/mp,29,0,0,33,33,18,44,182400,5500,0,,0,,,0,58.6,,20
2026-09-10,Bors,teren_vanzare,EUR/mp,31,0,0,35,35,16,45,68900,3000,0,,0,,,0,64.5,,19
2026-09-10,Cetariu,teren_vanzare,EUR/mp,16,0,0,16,16,,,51000,2059,0,,0,,,0,68.8,,7
2026-09-10,Cihei,teren_vanzare,EUR/mp,63,0,0,78,74,57,100,49800,519,7.9,2,0,,,1.6,41.3,,42
2026-09-10,Girisu de Cris,teren_vanzare,EUR/mp,12,0,0,19,19,,,35000,5622,0,,0,,,0,83.3,,7
2026-09-10,Nojorid,teren_vanzare,EUR/mp,76,2,0,33,35,19,65,97300,1363,0,,0,,0,11.8,72.4,,56
2026-09-10,Oradea,teren_vanzare,EUR/mp,1029,3,0,66,70,39,124,112000,730,1.2,2.3,1,8.4,0,14.9,62.1,,734
2026-09-10,Oradea/Episcopia,teren_vanzare,EUR/mp,40,0,0,59,59,30,100,88000,2490,0,,0,,,0,75,,34
2026-09-10,Oradea/Grigorescu,teren_vanzare,EUR/mp,39,0,0,109,109,74,145,67450,516,0,,0,,,0,74.4,,36
2026-09-10,Oradea/Iosia,teren_vanzare,EUR/mp,65,0,0,66,70,35,196,118500,1350,0,,0,,0,7.7,21.5,,55
2026-09-10,Oradea/Nufarul,teren_vanzare,EUR/mp,11,0,0,116,116,100,119,178150,1668,0,,0,,,0,72.7,,8
2026-09-10,Oradea/Olosig,teren_vanzare,EUR/mp,57,0,0,56,54,21,90,182450,3369,1.8,,3.5,,5,7,87.7,,49
2026-09-10,Oradea/Podgoria,teren_vanzare,EUR/mp,46,0,0,41,39,24,66,98608,1795,0,,0,,,2.2,71.7,,42
2026-09-10,Oradea/Rogerius,teren_vanzare,EUR/mp,5,0,0,,,,,105600,1100,,,,,,,,,3
2026-09-10,Oradea/Salca,teren_vanzare,EUR/mp,8,0,0,99,99,,,128500,1150,,,,,,,,,5
2026-09-10,Oradea/Saldabagiu,teren_vanzare,EUR/mp,1,0,0,50,,,,25000,500,,,,,0,,,,5
2026-09-10,Osorhei,teren_vanzare,EUR/mp,131,0,0,38,38,26,53,61500,691,0.8,,0,,,0,67.2,,83
2026-09-10,Paleu,teren_vanzare,EUR/mp,137,0,0,45,45,34,60,43000,897,0,,0,,,0,65.7,,105
2026-09-10,Salard,teren_vanzare,EUR/mp,7,0,0,25,25,,,32445,3000,,,,,,,,,5
2026-09-10,Sanmartin,teren_vanzare,EUR/mp,243,0,0,75,75,51,96,69500,745,1.6,17.8,0.8,,0,2.5,74.5,,210
2026-09-10,Santandrei,teren_vanzare,EUR/mp,141,0,0,80,80,54,115,78000,578,0,,0,,,0,66,,91
2026-09-10,Tileagd,teren_vanzare,EUR/mp,19,0,0,13,13,,,24999,918,0,,0,,,0,47.4,,7
2026-09-10,ZMO,teren_vanzare,EUR/mp,1937,5,0,60,61,35,98,81000,754,1.1,2.3,0.6,6.9,0,8.7,64.2,,1379
2026-09-10,Oradea,casa_chirie,EUR/mp,183,0,0,7,7,6,9,975,130,0,,0,,,0,61.7,,146
2026-09-10,Oradea/Iosia,casa_chirie,EUR/mp,23,0,0,7,7,6,8,800,100,0,,0,,,0,34.8,,19
2026-09-10,Oradea/Olosig,casa_chirie,EUR/mp,7,0,0,9,9,,,2000,210,,,,,,,,,7
2026-09-10,Sanmartin,casa_chirie,EUR/mp,21,0,0,6,6,5,7,1350,300,0,,0,,,0,66.7,,14
2026-09-10,Santandrei,casa_chirie,EUR/mp,16,0,0,6,6,6,7,950,150,0,,0,,,0,75,,13
2026-09-10,ZMO,casa_chirie,EUR/mp,224,0,0,7,7,6,9,1000,144,0,,0,,,0,62.5,,179
2026-09-10,wl:audi-q7-4m,auto,EUR,53,1,0,34199,34199,22500,44770,34199,,17,2.7,0,,1,35.8,43.4,,69
2026-09-11,Cihei,apartament_vanzare,EUR/mp,18,0,0,1806,1806,1688,1891,114338,64,0,,0,,,0,66.7,,18
2026-09-11,Girisu de Cris,apartament_vanzare,EUR/mp,7,0,0,1608,1608,,,82000,51,,,,,,,,,7
2026-09-11,Oradea,apartament_vanzare,EUR/mp,1991,7,0,1884,1886,1600,2229,102800,55,6.5,2.7,3.8,2.3,3,14.7,55.8,99.3,2177
2026-09-11,Oradea/Cantemir,apartament_vanzare,EUR/mp,28,0,0,1914,1914,1635,2892,138500,68,0,,3.6,,,7.1,57.1,,30
2026-09-11,Oradea/Centru,apartament_vanzare,EUR/mp,56,0,0,2016,2016,1613,2333,131500,73,5.4,4.8,0,,,0,0,,54
2026-09-11,Oradea/Decebal,apartament_vanzare,EUR/mp,106,1,0,1830,1825,1615,2018,99900,62,6.6,2.9,5.7,1,4,2.8,63.2,,107
2026-09-11,Oradea/Iosia,apartament_vanzare,EUR/mp,234,1,0,2026,2040,1711,2528,114500,55,6.8,2.8,3.8,2.4,4,8.1,42.7,100,242
2026-09-11,Oradea/Nufarul,apartament_vanzare,EUR/mp,143,0,0,1872,1872,1670,2334,112284,56,11.2,3.1,5.6,2.3,3,2.8,50.3,100,141
2026-09-11,Oradea/Olosig,apartament_vanzare,EUR/mp,130,0,0,1899,1891,1594,2325,122750,64,4.6,1.5,3.8,2.9,3,8.5,90.8,,141
2026-09-11,Oradea/Podgoria,apartament_vanzare,EUR/mp,6,0,0,1943,1943,,,110500,56,,,,,,,,,6
2026-09-11,Oradea/Rogerius,apartament_vanzare,EUR/mp,246,2,0,1748,1745,1537,1971,80495,50,9.3,2.7,6.5,2.3,0,2,39.4,,246
2026-09-11,Oradea/Salca,apartament_vanzare,EUR/mp,14,0,0,2040,1970,1691,2115,126950,66,14.3,,0,,,7.1,85.7,,15
2026-09-11,Oradea/Velenta,apartament_vanzare,EUR/mp,44,0,0,1797,1797,1576,2094,73700,41,6.8,1.7,2.3,,,2.3,84.1,,44
2026-09-11,Sanmartin,apartament_vanzare,EUR/mp,135,0,0,1677,1684,1474,2033,88115,50,2.2,1.6,0,,0,11.1,72.6,100,144
2026-09-11,Santandrei,apartament_vanzare,EUR/mp,62,0,0,1597,1597,1444,2019,102800,65,1.6,,0,,,0,58.1,100,53
2026-09-11,ZMO,apartament_vanzare,EUR/mp,2222,7,0,1869,1872,1581,2200,100000,55,6,2.6,3.4,2.3,3,13.9,57,99.4,2406
2026-09-11,Cihei,apartament_chirie,EUR/mp,6,0,0,7,7,,,475,63,,,,,,,,,6
2026-09-11,Oradea,apartament_chirie,EUR/mp,1624,15,0,7,7,6,9,400,55,7,6,1.5,2.6,3,15.4,46.3,98.6,1718
2026-09-11,Oradea/Cantemir,apartament_chirie,EUR/mp,24,0,0,11,11,7,12,539,52,0,,4.2,,,0,70.8,,24
2026-09-11,Oradea/Centru,apartament_chirie,EUR/mp,32,0,0,8,8,7,9,420,60,9.4,11.5,0,,,0,0,,29
2026-09-11,Oradea/Decebal,apartament_chirie,EUR/mp,47,0,0,6,6,6,7,380,63,14.9,7.9,0,,,2.1,59.6,,47
2026-09-11,Oradea/Iosia,apartament_chirie,EUR/mp,316,4,0,8,8,6,9,390,55,2.5,5,1.9,2,3,3.5,31,100,305
2026-09-11,Oradea/Nufarul,apartament_chirie,EUR/mp,66,0,0,7,7,5,9,445,62,12.1,6.2,1.5,,,0,50,90,65
2026-09-11,Oradea/Olosig,apartament_chirie,EUR/mp,104,4,0,7,7,6,9,450,64,9.6,6.9,2.9,2.6,,1.9,84.6,91.7,103
2026-09-11,Oradea/Rogerius,apartament_chirie,EUR/mp,97,1,0,6,6,5,8,320,53,10.3,8.3,1,,,1,29.9,,93
2026-09-11,Oradea/Salca,apartament_chirie,EUR/mp,14,1,0,8,8,7,9,400,52,7.1,,0,,,7.1,85.7,,14
2026-09-11,Oradea/Velenta,apartament_chirie,EUR/mp,13,0,0,9,9,8,10,530,56,7.7,,0,,,0,69.2,,13
2026-09-11,Osorhei,apartament_chirie,EUR/mp,8,0,0,10,10,9,11,569,54,,,,,,,,,8
2026-09-11,Sanmartin,apartament_chirie,EUR/mp,34,0,0,8,8,7,9,400,50,5.9,,0,,2,14.7,52.9,,32
2026-09-11,Santandrei,apartament_chirie,EUR/mp,13,0,0,8,8,7,9,425,57,0,,0,,,0,69.2,,12
2026-09-11,ZMO,apartament_chirie,EUR/mp,1687,15,0,8,8,6,9,400,55,6.8,6,1.4,2.6,3,15.1,46.8,98.7,1777
2026-09-11,Biharia,casa_vanzare,EUR/mp,19,0,0,963,963,816,1188,139500,118,0,,0,,,0,47.4,,12
2026-09-11,Bors,casa_vanzare,EUR/mp,17,0,0,661,661,517,890,88950,118,0,,0,,,0,64.7,,12
2026-09-11,Cihei,casa_vanzare,EUR/mp,41,0,0,1275,1275,1013,1582,210000,158,0,,0,,,4.9,58.5,,43
2026-09-11,Girisu de Cris,casa_vanzare,EUR/mp,8,0,0,859,859,,,114950,125,,,,,,,,,7
2026-09-11,Nojorid,casa_vanzare,EUR/mp,58,0,0,1168,1168,920,1417,139000,115,0,,3.4,,0,6.9,65.5,,59
2026-09-11,Oradea,casa_vanzare,EUR/mp,1335,1,0,1458,1477,1102,1938,225000,150,2.8,3.9,1,4.4,0,12.1,63.1,100,1400
2026-09-11,Oradea/Cantemir,casa_vanzare,EUR/mp,17,0,0,1279,1279,1165,1782,199900,137,0,,0,,,5.9,70.6,,18
2026-09-11,Oradea/Centru,casa_vanzare,EUR/mp,42,0,0,1395,1395,920,1905,189000,139,2.4,,0,,,0,0,,38
2026-09-11,Oradea/Decebal,casa_vanzare,EUR/mp,7,0,0,1281,1281,,,149900,82,,,,,,,,,7
2026-09-11,Oradea/Episcopia,casa_vanzare,EUR/mp,45,1,0,1148,1148,917,1500,200000,170,2.2,,0,,,0,66.7,,44
2026-09-11,Oradea/Grigorescu,casa_vanzare,EUR/mp,38,0,0,1741,1741,1360,1967,262400,155,2.6,,2.6,,,0,76.3,,38
2026-09-11,Oradea/Iosia,casa_vanzare,EUR/mp,87,0,0,1558,1571,1210,2011,222500,140,3.4,2.9,0,,3,6.9,37.9,,88
2026-09-11,Oradea/Nufarul,casa_vanzare,EUR/mp,25,0,0,1578,1568,1290,1813,285000,200,0,,4,,,8,48,,24
2026-09-11,Oradea/Olosig,casa_vanzare,EUR/mp,110,0,0,1508,1516,1171,1959,244000,154,2.7,1.9,0,,5,3.6,90,,114
2026-09-11,Oradea/Podgoria,casa_vanzare,EUR/mp,18,0,0,1700,1700,1225,1897,204000,120,0,,0,,,5.6,88.9,,19
2026-09-11,Oradea/Rogerius,casa_vanzare,EUR/mp,35,0,0,1666,1666,1019,2013,230000,160,2.9,,2.9,,,0,71.4,,35
2026-09-11,Oradea/Salca,casa_vanzare,EUR/mp,10,0,0,1568,1568,1249,1785,292150,150,0,,0,,,0,90,,9
2026-09-11,Oradea/Velenta,casa_vanzare,EUR/mp,19,0,0,1333,1333,1206,1769,210000,120,5.3,,0,,,0,84.2,,19
2026-09-11,Osorhei,casa_vanzare,EUR/mp,90,0,0,1184,1184,938,1443,140000,129,0,,0,,,0,73.3,,79
2026-09-11,Paleu,casa_vanzare,EUR/mp,59,0,0,1226,1226,969,1465,172400,140,0,,0,,,0,61,,46
2026-09-11,Salard,casa_vanzare,EUR/mp,13,0,0,805,805,738,895,72000,109,0,,0,,,0,69.2,,9
2026-09-11,Sanmartin,casa_vanzare,EUR/mp,239,1,0,1246,1250,971,1582,238800,170,3.8,3.6,1.7,1.8,0,4.6,76.2,,240
2026-09-11,Santandrei,casa_vanzare,EUR/mp,251,0,0,1416,1416,1140,1590,160000,120,2,3.9,1.6,3.1,,0,63.7,,214
2026-09-11,Tileagd,casa_vanzare,EUR/mp,12,0,0,506,506,,,89000,176,0,,0,,,0,58.3,,7
2026-09-11,ZMO,casa_vanzare,EUR/mp,2147,2,0,1369,1383,1054,1779,199000,145,2.4,3.9,1.1,3.7,0,8.3,64.9,100,2126
2026-09-11,Biharia,teren_vanzare,EUR/mp,29,0,0,33,33,18,44,182400,5500,0,,0,,,0,58.6,,20
2026-09-11,Bors,teren_vanzare,EUR/mp,31,0,0,35,35,16,45,68900,3000,0,,0,,,0,64.5,,19
2026-09-11,Cetariu,teren_vanzare,EUR/mp,16,0,0,16,16,,,51000,2059,0,,0,,,0,68.8,,7
2026-09-11,Cihei,teren_vanzare,EUR/mp,66,3,0,78,75,57,100,47750,523,9.1,2.7,1.5,,,1.5,43.9,,44
2026-09-11,Girisu de Cris,teren_vanzare,EUR/mp,12,0,0,19,19,,,35000,5622,0,,0,,,0,83.3,,7
2026-09-11,Nojorid,teren_vanzare,EUR/mp,78,2,0,33,33,19,61,85000,1363,2.6,,0,,0,11.5,73.1,,57
2026-09-11,Oradea,teren_vanzare,EUR/mp,1030,1,0,66,70,39,124,98875,726,2.1,8.9,0.9,9.1,0,14.9,62.1,,734
2026-09-11,Oradea/Episcopia,teren_vanzare,EUR/mp,40,0,0,59,59,30,100,73950,2490,0,,0,,,0,75,,34
2026-09-11,Oradea/Grigorescu,teren_vanzare,EUR/mp,39,0,0,109,109,74,145,65000,516,0,,0,,,0,74.4,,36
2026-09-11,Oradea/Iosia,teren_vanzare,EUR/mp,65,0,0,66,70,35,196,72000,1350,1.5,,0,,0,7.7,21.5,,55
2026-09-11,Oradea/Nufarul,teren_vanzare,EUR/mp,11,0,0,116,116,100,119,157300,1668,0,,0,,,0,72.7,,8
2026-09-11,Oradea/Olosig,teren_vanzare,EUR/mp,58,1,0,57,56,21,90,149903,3130,1.7,,3.4,,5,6.9,87.9,,50
2026-09-11,Oradea/Podgoria,teren_vanzare,EUR/mp,46,0,0,41,39,24,66,95000,1795,2.2,,0,,,2.2,71.7,,42
2026-09-11,Oradea/Rogerius,teren_vanzare,EUR/mp,5,0,0,,,,,72500,1100,,,,,,,,,3
2026-09-11,Oradea/Salca,teren_vanzare,EUR/mp,8,0,0,99,99,,,88750,1150,,,,,,,,,5
2026-09-11,Oradea/Saldabagiu,teren_vanzare,EUR/mp,1,0,0,50,,,,25000,500,,,,,0,,,,5
2026-09-11,Osorhei,teren_vanzare,EUR/mp,131,0,0,38,38,26,53,61500,691,0.8,,0,,,0,67.2,,83
2026-09-11,Paleu,teren_vanzare,EUR/mp,137,0,0,45,45,34,60,43000,897,0,,0,,,0,65.7,,105
2026-09-11,Salard,teren_vanzare,EUR/mp,7,0,0,25,25,,,32445,3000,,,,,,,,,5
2026-09-11,Sanmartin,teren_vanzare,EUR/mp,243,0,0,75,75,51,96,64450,745,3.3,24.1,0.4,,0,2.5,74.5,,208
2026-09-11,Santandrei,teren_vanzare,EUR/mp,141,0,0,80,80,54,115,78000,578,0,,0,,,0,66,,91
2026-09-11,Tileagd,teren_vanzare,EUR/mp,19,0,0,13,13,,,24999,918,0,,0,,,0,47.4,,7
2026-09-11,ZMO,teren_vanzare,EUR/mp,1943,6,0,60,61,35,98,72950,755,2,9.1,0.6,9.1,0,8.7,64.3,,1381
2026-09-11,Oradea,casa_chirie,EUR/mp,183,0,0,7,7,6,9,975,130,0,,0,,,0,61.7,,146
2026-09-11,Oradea/Iosia,casa_chirie,EUR/mp,23,0,0,7,7,6,8,800,100,0,,0,,,0,34.8,,19
2026-09-11,Oradea/Olosig,casa_chirie,EUR/mp,7,0,0,9,9,,,2000,210,,,,,,,,,7
2026-09-11,Sanmartin,casa_chirie,EUR/mp,21,0,0,6,6,5,7,1350,300,0,,0,,,0,66.7,,14
2026-09-11,Santandrei,casa_chirie,EUR/mp,16,0,0,6,6,6,7,950,150,0,,0,,,0,75,,13
2026-09-11,ZMO,casa_chirie,EUR/mp,224,0,0,7,7,6,9,1000,144,0,,0,,,0,62.5,,179
2026-09-11,wl:audi-q7-4m,auto,EUR,53,0,0,34199,34199,22500,44770,34199,,17,2.7,0,,1,35.8,43.4,,69
2026-09-12,Cihei,apartament_vanzare,EUR/mp,18,0,0,1806,1806,1688,1891,114338,64,0,,0,,,0,66.7,,18
2026-09-12,Girisu de Cris,apartament_vanzare,EUR/mp,7,0,0,1608,1608,,,82000,51,,,,,,,,,7
2026-09-12,Oradea,apartament_vanzare,EUR/mp,1996,5,0,1884,1886,1600,2229,102800,55,6.9,2.7,3.9,2.2,3,14.7,55.7,99.3,2182
2026-09-12,Oradea/Cantemir,apartament_vanzare,EUR/mp,28,0,0,1914,1914,1635,2892,138500,68,0,,3.6,,,7.1,57.1,,30
2026-09-12,Oradea/Centru,apartament_vanzare,EUR/mp,56,0,0,2016,2016,1613,2333,131500,73,5.4,4.8,0,,,0,0,,54
2026-09-12,Oradea/Decebal,apartament_vanzare,EUR/mp,106,0,0,1830,1825,1615,2018,99900,62,8.5,2.9,5.7,1,4,2.8,63.2,,107
2026-09-12,Oradea/Iosia,apartament_vanzare,EUR/mp,236,2,0,2010,2026,1706,2528,114500,55,6.8,2.8,4.2,2.4,4,8.1,42.4,100,244
2026-09-12,Oradea/Nufarul,apartament_vanzare,EUR/mp,144,1,0,1875,1875,1670,2334,113642,56,11.8,3,5.6,2.3,3,2.8,50,100,142
2026-09-12,Oradea/Olosig,apartament_vanzare,EUR/mp,130,0,0,1899,1891,1594,2325,122750,64,4.6,1.5,3.8,2.9,3,8.5,90.8,,141
2026-09-12,Oradea/Podgoria,apartament_vanzare,EUR/mp,6,0,0,1943,1943,,,110500,56,,,,,,,,,6
2026-09-12,Oradea/Rogerius,apartament_vanzare,EUR/mp,247,1,0,1745,1741,1537,1965,81000,50,9.7,3.6,6.5,2.3,0,2,39.7,,247
2026-09-12,Oradea/Salca,apartament_vanzare,EUR/mp,15,1,0,2070,2040,1691,2296,128500,66,13.3,,0,,,6.7,86.7,,16
2026-09-12,Oradea/Velenta,apartament_vanzare,EUR/mp,44,0,0,1797,1797,1576,2094,73700,41,9.1,1.5,2.3,,,2.3,84.1,,44
2026-09-12,Sanmartin,apartament_vanzare,EUR/mp,135,0,0,1677,1684,1474,2033,88115,50,2.2,1.6,0,,0,11.1,72.6,100,144
2026-09-12,Santandrei,apartament_vanzare,EUR/mp,62,0,0,1597,1597,1444,2019,102800,65,1.6,,0,,,0,58.1,100,53
2026-09-12,ZMO,apartament_vanzare,EUR/mp,2227,5,0,1869,1872,1581,2200,100000,55,6.4,2.7,3.5,2.2,3,13.8,56.9,99.4,2411
2026-09-12,Cihei,apartament_chirie,EUR/mp,6,0,0,7,7,,,475,63,,,,,,,,,6
2026-09-12,Oradea,apartament_chirie,EUR/mp,1629,5,0,7,7,6,9,400,55,7.2,5.7,1.5,2.6,3,15.3,46.3,98.6,1722
2026-09-12,Oradea/Cantemir,apartament_chirie,EUR/mp,24,0,0,11,11,7,13,539,52,0,,8.3,,,0,70.8,,24
2026-09-12,Oradea/Centru,apartament_chirie,EUR/mp,32,0,0,8,8,7,9,420,60,9.4,11.5,0,,,0,0,,29
2026-09-12,Oradea/Decebal,apartament_chirie,EUR/mp,47,0,0,6,6,6,7,380,63,14.9,10,0,,,2.1,59.6,,47
2026-09-12,Oradea/Iosia,apartament_chirie,EUR/mp,317,1,0,8,8,6,9,390,55,2.8,3,1.9,2,3,3.5,30.9,100,306
2026-09-12,Oradea/Nufarul,apartament_chirie,EUR/mp,67,1,0,7,7,5,9,450,61,11.9,6.2,1.5,,,0,50.7,90,66
2026-09-12,Oradea/Olosig,apartament_chirie,EUR/mp,104,0,0,7,7,5,9,450,64,10.6,8.4,2.9,2.6,,1.9,84.6,91.7,103
2026-09-12,Oradea/Rogerius,apartament_chirie,EUR/mp,97,0,0,6,6,5,8,320,53,12.4,5.8,1,,,1,29.9,,93
2026-09-12,Oradea/Salca,apartament_chirie,EUR/mp,14,0,0,8,8,7,9,400,52,14.3,,0,,,7.1,85.7,,14
2026-09-12,Oradea/Velenta,apartament_chirie,EUR/mp,13,0,0,9,9,8,10,530,56,0,,0,,,0,69.2,,13
2026-09-12,Osorhei,apartament_chirie,EUR/mp,8,0,0,10,10,9,11,569,54,,,,,,,,,8
2026-09-12,Sanmartin,apartament_chirie,EUR/mp,34,0,0,8,8,7,9,400,50,8.8,0.5,0,,2,14.7,52.9,,32
2026-09-12,Santandrei,apartament_chirie,EUR/mp,13,0,0,8,8,7,9,425,57,0,,0,,,0,69.2,,12
2026-09-12,ZMO,apartament_chirie,EUR/mp,1692,5,0,8,8,6,9,400,55,7.2,5.7,1.5,2.6,3,15.1,46.9,98.7,1781
2026-09-12,Biharia,casa_vanzare,EUR/mp,19,0,0,963,963,816,1188,139500,118,0,,0,,,0,47.4,,12
2026-09-12,Bors,casa_vanzare,EUR/mp,17,0,0,661,661,517,890,88950,118,0,,0,,,0,64.7,,12
2026-09-12,Cihei,casa_vanzare,EUR/mp,41,0,0,1275,1275,1013,1582,210000,158,0,,0,,,4.9,58.5,,43
2026-09-12,Girisu de Cris,casa_vanzare,EUR/mp,8,0,0,859,859,,,114950,125,,,,,,,,,7
2026-09-12,Nojorid,casa_vanzare,EUR/mp,58,0,0,1168,1168,920,1417,139000,115,3.4,,3.4,,0,6.9,65.5,,59
2026-09-12,Oradea,casa_vanzare,EUR/mp,1337,2,0,1450,1471,1102,1938,225000,150,3.1,3.5,1,4.4,0,12.1,63.1,100,1401
2026-09-12,Oradea/Cantemir,casa_vanzare,EUR/mp,17,0,0,1279,1279,1165,1782,199900,137,0,,0,,,5.9,70.6,,18
2026-09-12,Oradea/Centru,casa_vanzare,EUR/mp,42,0,0,1395,1395,920,1905,189000,139,2.4,,0,,,0,0,,38
2026-09-12,Oradea/Decebal,casa_vanzare,EUR/mp,7,0,0,1281,1281,,,149900,82,,,,,,,,,7
2026-09-12,Oradea/Episcopia,casa_vanzare,EUR/mp,45,0,0,1148,1148,917,1500,200000,170,2.2,,0,,,0,66.7,,44
2026-09-12,Oradea/Grigorescu,casa_vanzare,EUR/mp,38,0,0,1741,1741,1360,1967,262400,155,2.6,,2.6,,,0,76.3,,38
2026-09-12,Oradea/Iosia,casa_vanzare,EUR/mp,87,0,0,1543,1571,1210,2011,222500,140,4.6,2.9,0,,3,6.9,37.9,,88
2026-09-12,Oradea/Nufarul,casa_vanzare,EUR/mp,25,0,0,1578,1550,1290,1813,285000,200,4,,4,,,8,48,,24
2026-09-12,Oradea/Olosig,casa_vanzare,EUR/mp,110,0,0,1508,1516,1171,1959,244000,154,2.7,1.9,0,,5,3.6,90,,114
2026-09-12,Oradea/Podgoria,casa_vanzare,EUR/mp,18,0,0,1700,1700,1225,1897,204000,120,0,,0,,,5.6,88.9,,19
2026-09-12,Oradea/Rogerius,casa_vanzare,EUR/mp,35,0,0,1666,1666,1019,2013,230000,160,2.9,,2.9,,,0,71.4,,35
2026-09-12,Oradea/Salca,casa_vanzare,EUR/mp,10,0,0,1568,1568,1249,1785,292150,150,0,,0,,,0,90,,9
2026-09-12,Oradea/Velenta,casa_vanzare,EUR/mp,19,0,0,1333,1333,1206,1769,210000,120,5.3,,0,,,0,84.2,,19
2026-09-12,Osorhei,casa_vanzare,EUR/mp,90,0,0,1184,1184,938,1443,140000,129,0,,0,,,0,73.3,,79
2026-09-12,Paleu,casa_vanzare,EUR/mp,59,0,0,1226,1226,969,1465,172400,140,0,,0,,,0,61,,46
2026-09-12,Salard,casa_vanzare,EUR/mp,13,0,0,805,805,738,895,72000,109,0,,0,,,0,69.2,,9
2026-09-12,Sanmartin,casa_vanzare,EUR/mp,239,0,0,1246,1250,971,1582,238800,170,3.8,3.6,1.7,1.8,0,4.6,76.2,,240
2026-09-12,Santandrei,casa_vanzare,EUR/mp,251,0,0,1416,1416,1140,1590,160000,120,2,3.9,1.6,3.1,,0,63.7,,214
2026-09-12,Tileagd,casa_vanzare,EUR/mp,12,0,0,506,506,,,89000,176,0,,0,,,0,58.3,,7
2026-09-12,ZMO,casa_vanzare,EUR/mp,2149,2,0,1367,1383,1054,1779,199000,145,2.7,3.6,1.1,3.7,0,8.3,64.9,100,2127
2026-09-12,Biharia,teren_vanzare,EUR/mp,29,0,0,33,33,18,44,182400,5500,0,,0,,,0,58.6,,20
2026-09-12,Bors,teren_vanzare,EUR/mp,31,0,0,35,35,16,45,68900,3000,0,,0,,,0,64.5,,19
2026-09-12,Cetariu,teren_vanzare,EUR/mp,16,0,0,16,16,,,51000,2059,0,,0,,,0,68.8,,7
2026-09-12,Cihei,teren_vanzare,EUR/mp,66,0,0,78,75,57,100,47750,523,9.1,2.7,1.5,,,1.5,43.9,,44
2026-09-12,Girisu de Cris,teren_vanzare,EUR/mp,12,0,0,19,19,,,35000,5622,0,,0,,,0,83.3,,7
2026-09-12,Nojorid,teren_vanzare,EUR/mp,78,0,0,33,33,19,61,85000,1363,2.6,,0,,0,11.5,73.1,,57
2026-09-12,Oradea,teren_vanzare,EUR/mp,1030,0,0,66,70,39,124,98875,726,2.3,9.1,1,8.4,0,14.9,62.1,,735
2026-09-12,Oradea/Episcopia,teren_vanzare,EUR/mp,40,0,0,59,59,30,100,73950,2490,0,,0,,,0,75,,34
2026-09-12,Oradea/Grigorescu,teren_vanzare,EUR/mp,39,0,0,109,109,74,145,65000,516,0,,0,,,0,74.4,,36
2026-09-12,Oradea/Iosia,teren_vanzare,EUR/mp,65,0,0,66,70,35,196,72000,1350,1.5,,0,,0,7.7,21.5,,55
2026-09-12,Oradea/Nufarul,teren_vanzare,EUR/mp,11,0,0,112,112,78,116,157300,1668,9.1,,0,,,0,72.7,,10
2026-09-12,Oradea/Olosig,teren_vanzare,EUR/mp,58,0,0,57,56,21,90,149903,3130,1.7,,3.4,,5,6.9,87.9,,50
2026-09-12,Oradea/Podgoria,teren_vanzare,EUR/mp,46,0,0,41,39,24,66,95000,1795,2.2,,0,,,2.2,71.7,,42
2026-09-12,Oradea/Rogerius,teren_vanzare,EUR/mp,5,0,0,,,,,72500,1100,,,,,,,,,3
2026-09-12,Oradea/Salca,teren_vanzare,EUR/mp,8,0,0,99,99,,,88750,1150,,,,,,,,,5
2026-09-12,Oradea/Saldabagiu,teren_vanzare,EUR/mp,1,0,0,50,,,,25000,500,,,,,0,,,,5
2026-09-12,Osorhei,teren_vanzare,EUR/mp,131,0,0,38,38,26,53,61500,691,0.8,,0,,,0,67.2,,83
2026-09-12,Paleu,teren_vanzare,EUR/mp,137,0,0,45,45,34,60,43000,897,0,,0,,,0,65.7,,105
2026-09-12,Salard,teren_vanzare,EUR/mp,7,0,0,25,25,,,32445,3000,,,,,,,,,5
2026-09-12,Sanmartin,teren_vanzare,EUR/mp,245,2,0,75,75,51,97,64950,745,3.3,24.1,0.4,,0,2.4,74.3,,209
2026-09-12,Santandrei,teren_vanzare,EUR/mp,141,0,0,80,80,54,115,78000,578,0,,0,,,0,66,,91
2026-09-12,Tileagd,teren_vanzare,EUR/mp,19,0,0,13,13,,,24999,918,0,,0,,,0,47.4,,7
2026-09-12,ZMO,teren_vanzare,EUR/mp,1945,2,0,60,61,35,98,73500,755,2.1,9.1,0.6,8.4,0,8.7,64.3,,1383
2026-09-12,Oradea,casa_chirie,EUR/mp,183,0,0,7,7,6,9,975,130,0,,0,,,0,61.7,,146
2026-09-12,Oradea/Iosia,casa_chirie,EUR/mp,23,0,0,7,7,6,8,800,100,0,,0,,,0,34.8,,19
2026-09-12,Oradea/Olosig,casa_chirie,EUR/mp,7,0,0,9,9,,,2000,210,,,,,,,,,7
2026-09-12,Sanmartin,casa_chirie,EUR/mp,21,0,0,6,6,5,7,1350,300,0,,0,,,0,66.7,,14
2026-09-12,Santandrei,casa_chirie,EUR/mp,16,0,0,6,6,6,7,950,150,0,,0,,,0,75,,13
2026-09-12,ZMO,casa_chirie,EUR/mp,224,0,0,7,7,6,9,1000,144,0,,0,,,0,62.5,,179
2026-09-12,wl:audi-q7-4m,auto,EUR,53,0,0,34199,34199,22500,44770,34199,,17,2.7,0,,1,35.8,43.4,,69